name,identity,stunum,email,tel,major,institute
学生0001,200000000000000001,220001,220001@xxx.xxx.xx,20000000001,软件工程,计算机科学与技术学院
学生0002,200000000000000002,220002,220002@xxx.xxx.xx,20000000002,软件工程,计算机科学与技术学院
学生0003,200000000000000003,220003,220003@xxx.xxx.xx,20000000003,软件工程,计算机科学与技术学院
学生0004,200000000000000004,220004,220004@xxx.xxx.xx,20000000004,软件工程,计算机科学与技术学院
学生0005,200000000000000005,220005,220005@xxx.xxx.xx,20000000005,软件工程,计算机科学与技术学院
学生0006,200000000000000006,220006,220006@xxx.xxx.xx,20000000006,软件工程,计算机科学与技术学院
学生0007,200000000000000007,220007,220007@xxx.xxx.xx,20000000007,软件工程,计算机科学与技术学院
学生0008,200000000000000008,220008,220008@xxx.xxx.xx,20000000008,软件工程,计算机科学与技术学院
学生0009,200000000000000009,220009,220009@xxx.xxx.xx,20000000009,软件工程,计算机科学与技术学院
学生0010,200000000000000010,220010,220010@xxx.xxx.xx,20000000010,软件工程,计算机科学与技术学院
学生0011,200000000000000011,220011,220011@xxx.xxx.xx,20000000011,软件工程,计算机科学与技术学院
学生0012,200000000000000012,220012,220012@xxx.xxx.xx,20000000012,软件工程,计算机科学与技术学院
学生0013,200000000000000013,220013,220013@xxx.xxx.xx,20000000013,软件工程,计算机科学与技术学院
学生0014,200000000000000014,220014,220014@xxx.xxx.xx,20000000014,软件工程,计算机科学与技术学院
学生0015,200000000000000015,220015,220015@xxx.xxx.xx,20000000015,软件工程,计算机科学与技术学院
学生0016,200000000000000016,220016,220016@xxx.xxx.xx,20000000016,软件工程,计算机科学与技术学院
学生0017,200000000000000017,220017,220017@xxx.xxx.xx,20000000017,软件工程,计算机科学与技术学院
学生0018,200000000000000018,220018,220018@xxx.xxx.xx,20000000018,软件工程,计算机科学与技术学院
学生0019,200000000000000019,220019,220019@xxx.xxx.xx,20000000019,软件工程,计算机科学与技术学院
学生0020,200000000000000020,220020,220020@xxx.xxx.xx,20000000020,软件工程,计算机科学与技术学院
学生0021,200000000000000021,220021,220021@xxx.xxx.xx,20000000021,软件工程,计算机科学与技术学院
学生0022,200000000000000022,220022,220022@xxx.xxx.xx,20000000022,软件工程,计算机科学与技术学院
学生0023,200000000000000023,220023,220023@xxx.xxx.xx,20000000023,软件工程,计算机科学与技术学院
学生0024,200000000000000024,220024,220024@xxx.xxx.xx,20000000024,软件工程,计算机科学与技术学院
学生0025,200000000000000025,220025,220025@xxx.xxx.xx,20000000025,软件工程,计算机科学与技术学院
学生0026,200000000000000026,220026,220026@xxx.xxx.xx,20000000026,计算机科学与技术,计算机科学与技术学院
学生0027,200000000000000027,220027,220027@xxx.xxx.xx,20000000027,计算机科学与技术,计算机科学与技术学院
学生0028,200000000000000028,220028,220028@xxx.xxx.xx,20000000028,计算机科学与技术,计算机科学与技术学院
学生0029,200000000000000029,220029,220029@xxx.xxx.xx,20000000029,计算机科学与技术,计算机科学与技术学院
学生0030,200000000000000030,220030,220030@xxx.xxx.xx,20000000030,计算机科学与技术,计算机科学与技术学院
学生0031,200000000000000031,220031,220031@xxx.xxx.xx,20000000031,计算机科学与技术,计算机科学与技术学院
学生0032,200000000000000032,220032,220032@xxx.xxx.xx,20000000032,计算机科学与技术,计算机科学与技术学院
学生0033,200000000000000033,220033,220033@xxx.xxx.xx,20000000033,计算机科学与技术,计算机科学与技术学院
学生0034,200000000000000034,220034,220034@xxx.xxx.xx,20000000034,计算机科学与技术,计算机科学与技术学院
学生0035,200000000000000035,220035,220035@xxx.xxx.xx,20000000035,计算机科学与技术,计算机科学与技术学院
学生0036,200000000000000036,220036,220036@xxx.xxx.xx,20000000036,计算机科学与技术,计算机科学与技术学院
学生0037,200000000000000037,220037,220037@xxx.xxx.xx,20000000037,计算机科学与技术,计算机科学与技术学院
学生0038,200000000000000038,220038,220038@xxx.xxx.xx,20000000038,计算机科学与技术,计算机科学与技术学院
学生0039,200000000000000039,220039,220039@xxx.xxx.xx,20000000039,计算机科学与技术,计算机科学与技术学院
学生0040,200000000000000040,220040,220040@xxx.xxx.xx,20000000040,计算机科学与技术,计算机科学与技术学院
学生0041,200000000000000041,220041,220041@xxx.xxx.xx,20000000041,计算机科学与技术,计算机科学与技术学院
学生0042,200000000000000042,220042,220042@xxx.xxx.xx,20000000042,计算机科学与技术,计算机科学与技术学院
学生0043,200000000000000043,220043,220043@xxx.xxx.xx,20000000043,计算机科学与技术,计算机科学与技术学院
学生0044,200000000000000044,220044,220044@xxx.xxx.xx,20000000044,计算机科学与技术,计算机科学与技术学院
学生0045,200000000000000045,220045,220045@xxx.xxx.xx,20000000045,计算机科学与技术,计算机科学与技术学院
学生0046,200000000000000046,220046,220046@xxx.xxx.xx,20000000046,计算机科学与技术,计算机科学与技术学院
学生0047,200000000000000047,220047,220047@xxx.xxx.xx,20000000047,计算机科学与技术,计算机科学与技术学院
学生0048,200000000000000048,220048,220048@xxx.xxx.xx,20000000048,计算机科学与技术,计算机科学与技术学院
学生0049,200000000000000049,220049,220049@xxx.xxx.xx,20000000049,计算机科学与技术,计算机科学与技术学院
学生0050,200000000000000050,220050,220050@xxx.xxx.xx,20000000050,计算机科学与技术,计算机科学与技术学院
学生0051,200000000000000051,220051,220051@xxx.xxx.xx,20000000051,保密技术,计算机科学与技术学院
学生0052,200000000000000052,220052,220052@xxx.xxx.xx,20000000052,保密技术,计算机科学与技术学院
学生0053,200000000000000053,220053,220053@xxx.xxx.xx,20000000053,保密技术,计算机科学与技术学院
学生0054,200000000000000054,220054,220054@xxx.xxx.xx,20000000054,保密技术,计算机科学与技术学院
学生0055,200000000000000055,220055,220055@xxx.xxx.xx,20000000055,保密技术,计算机科学与技术学院
学生0056,200000000000000056,220056,220056@xxx.xxx.xx,20000000056,保密技术,计算机科学与技术学院
学生0057,200000000000000057,220057,220057@xxx.xxx.xx,20000000057,保密技术,计算机科学与技术学院
学生0058,200000000000000058,220058,220058@xxx.xxx.xx,20000000058,保密技术,计算机科学与技术学院
学生0059,200000000000000059,220059,220059@xxx.xxx.xx,20000000059,保密技术,计算机科学与技术学院
学生0060,200000000000000060,220060,220060@xxx.xxx.xx,20000000060,保密技术,计算机科学与技术学院
学生0061,200000000000000061,220061,220061@xxx.xxx.xx,20000000061,保密技术,计算机科学与技术学院
学生0062,200000000000000062,220062,220062@xxx.xxx.xx,20000000062,保密技术,计算机科学与技术学院
学生0063,200000000000000063,220063,220063@xxx.xxx.xx,20000000063,保密技术,计算机科学与技术学院
学生0064,200000000000000064,220064,220064@xxx.xxx.xx,20000000064,保密技术,计算机科学与技术学院
学生0065,200000000000000065,220065,220065@xxx.xxx.xx,20000000065,保密技术,计算机科学与技术学院
学生0066,200000000000000066,220066,220066@xxx.xxx.xx,20000000066,保密技术,计算机科学与技术学院
学生0067,200000000000000067,220067,220067@xxx.xxx.xx,20000000067,保密技术,计算机科学与技术学院
学生0068,200000000000000068,220068,220068@xxx.xxx.xx,20000000068,保密技术,计算机科学与技术学院
学生0069,200000000000000069,220069,220069@xxx.xxx.xx,20000000069,保密技术,计算机科学与技术学院
学生0070,200000000000000070,220070,220070@xxx.xxx.xx,20000000070,保密技术,计算机科学与技术学院
学生0071,200000000000000071,220071,220071@xxx.xxx.xx,20000000071,保密技术,计算机科学与技术学院
学生0072,200000000000000072,220072,220072@xxx.xxx.xx,20000000072,保密技术,计算机科学与技术学院
学生0073,200000000000000073,220073,220073@xxx.xxx.xx,20000000073,保密技术,计算机科学与技术学院
学生0074,200000000000000074,220074,220074@xxx.xxx.xx,20000000074,保密技术,计算机科学与技术学院
学生0075,200000000000000075,220075,220075@xxx.xxx.xx,20000000075,保密技术,计算机科学与技术学院
学生0076,200000000000000076,220076,220076@xxx.xxx.xx,20000000076,保密管理,计算机科学与技术学院
学生0077,200000000000000077,220077,220077@xxx.xxx.xx,20000000077,保密管理,计算机科学与技术学院
学生0078,200000000000000078,220078,220078@xxx.xxx.xx,20000000078,保密管理,计算机科学与技术学院
学生0079,200000000000000079,220079,220079@xxx.xxx.xx,20000000079,保密管理,计算机科学与技术学院
学生0080,200000000000000080,220080,220080@xxx.xxx.xx,20000000080,保密管理,计算机科学与技术学院
学生0081,200000000000000081,220081,220081@xxx.xxx.xx,20000000081,保密管理,计算机科学与技术学院
学生0082,200000000000000082,220082,220082@xxx.xxx.xx,20000000082,保密管理,计算机科学与技术学院
学生0083,200000000000000083,220083,220083@xxx.xxx.xx,20000000083,保密管理,计算机科学与技术学院
学生0084,200000000000000084,220084,220084@xxx.xxx.xx,20000000084,保密管理,计算机科学与技术学院
学生0085,200000000000000085,220085,220085@xxx.xxx.xx,20000000085,保密管理,计算机科学与技术学院
学生0086,200000000000000086,220086,220086@xxx.xxx.xx,20000000086,保密管理,计算机科学与技术学院
学生0087,200000000000000087,220087,220087@xxx.xxx.xx,20000000087,保密管理,计算机科学与技术学院
学生0088,200000000000000088,220088,220088@xxx.xxx.xx,20000000088,保密管理,计算机科学与技术学院
学生0089,200000000000000089,220089,220089@xxx.xxx.xx,20000000089,保密管理,计算机科学与技术学院
学生0090,200000000000000090,220090,220090@xxx.xxx.xx,20000000090,保密管理,计算机科学与技术学院
学生0091,200000000000000091,220091,220091@xxx.xxx.xx,20000000091,保密管理,计算机科学与技术学院
学生0092,200000000000000092,220092,220092@xxx.xxx.xx,20000000092,保密管理,计算机科学与技术学院
学生0093,200000000000000093,220093,220093@xxx.xxx.xx,20000000093,保密管理,计算机科学与技术学院
学生0094,200000000000000094,220094,220094@xxx.xxx.xx,20000000094,保密管理,计算机科学与技术学院
学生0095,200000000000000095,220095,220095@xxx.xxx.xx,20000000095,保密管理,计算机科学与技术学院
学生0096,200000000000000096,220096,220096@xxx.xxx.xx,20000000096,保密管理,计算机科学与技术学院
学生0097,200000000000000097,220097,220097@xxx.xxx.xx,20000000097,保密管理,计算机科学与技术学院
学生0098,200000000000000098,220098,220098@xxx.xxx.xx,20000000098,保密管理,计算机科学与技术学院
学生0099,200000000000000099,220099,220099@xxx.xxx.xx,20000000099,保密管理,计算机科学与技术学院
学生0100,200000000000000100,220100,220100@xxx.xxx.xx,20000000100,保密管理,计算机科学与技术学院
学生0101,200000000000000101,220101,220101@xxx.xxx.xx,20000000101,信息安全,计算机科学与技术学院
学生0102,200000000000000102,220102,220102@xxx.xxx.xx,20000000102,信息安全,计算机科学与技术学院
学生0103,200000000000000103,220103,220103@xxx.xxx.xx,20000000103,信息安全,计算机科学与技术学院
学生0104,200000000000000104,220104,220104@xxx.xxx.xx,20000000104,信息安全,计算机科学与技术学院
学生0105,200000000000000105,220105,220105@xxx.xxx.xx,20000000105,信息安全,计算机科学与技术学院
学生0106,200000000000000106,220106,220106@xxx.xxx.xx,20000000106,信息安全,计算机科学与技术学院
学生0107,200000000000000107,220107,220107@xxx.xxx.xx,20000000107,信息安全,计算机科学与技术学院
学生0108,200000000000000108,220108,220108@xxx.xxx.xx,20000000108,信息安全,计算机科学与技术学院
学生0109,200000000000000109,220109,220109@xxx.xxx.xx,20000000109,信息安全,计算机科学与技术学院
学生0110,200000000000000110,220110,220110@xxx.xxx.xx,20000000110,信息安全,计算机科学与技术学院
学生0111,200000000000000111,220111,220111@xxx.xxx.xx,20000000111,信息安全,计算机科学与技术学院
学生0112,200000000000000112,220112,220112@xxx.xxx.xx,20000000112,信息安全,计算机科学与技术学院
学生0113,200000000000000113,220113,220113@xxx.xxx.xx,20000000113,信息安全,计算机科学与技术学院
学生0114,200000000000000114,220114,220114@xxx.xxx.xx,20000000114,信息安全,计算机科学与技术学院
学生0115,200000000000000115,220115,220115@xxx.xxx.xx,20000000115,信息安全,计算机科学与技术学院
学生0116,200000000000000116,220116,220116@xxx.xxx.xx,20000000116,信息安全,计算机科学与技术学院
学生0117,200000000000000117,220117,220117@xxx.xxx.xx,20000000117,信息安全,计算机科学与技术学院
学生0118,200000000000000118,220118,220118@xxx.xxx.xx,20000000118,信息安全,计算机科学与技术学院
学生0119,200000000000000119,220119,220119@xxx.xxx.xx,20000000119,信息安全,计算机科学与技术学院
学生0120,200000000000000120,220120,220120@xxx.xxx.xx,20000000120,信息安全,计算机科学与技术学院
学生0121,200000000000000121,220121,220121@xxx.xxx.xx,20000000121,信息安全,计算机科学与技术学院
学生0122,200000000000000122,220122,220122@xxx.xxx.xx,20000000122,信息安全,计算机科学与技术学院
学生0123,200000000000000123,220123,220123@xxx.xxx.xx,20000000123,信息安全,计算机科学与技术学院
学生0124,200000000000000124,220124,220124@xxx.xxx.xx,20000000124,信息安全,计算机科学与技术学院
学生0125,200000000000000125,220125,220125@xxx.xxx.xx,20000000125,信息安全,计算机科学与技术学院
学生0126,200000000000000126,220126,220126@xxx.xxx.xx,20000000126,人工智能,计算机科学与技术学院
学生0127,200000000000000127,220127,220127@xxx.xxx.xx,20000000127,人工智能,计算机科学与技术学院
学生0128,200000000000000128,220128,220128@xxx.xxx.xx,20000000128,人工智能,计算机科学与技术学院
学生0129,200000000000000129,220129,220129@xxx.xxx.xx,20000000129,人工智能,计算机科学与技术学院
学生0130,200000000000000130,220130,220130@xxx.xxx.xx,20000000130,人工智能,计算机科学与技术学院
学生0131,200000000000000131,220131,220131@xxx.xxx.xx,20000000131,人工智能,计算机科学与技术学院
学生0132,200000000000000132,220132,220132@xxx.xxx.xx,20000000132,人工智能,计算机科学与技术学院
学生0133,200000000000000133,220133,220133@xxx.xxx.xx,20000000133,人工智能,计算机科学与技术学院
学生0134,200000000000000134,220134,220134@xxx.xxx.xx,20000000134,人工智能,计算机科学与技术学院
学生0135,200000000000000135,220135,220135@xxx.xxx.xx,20000000135,人工智能,计算机科学与技术学院
学生0136,200000000000000136,220136,220136@xxx.xxx.xx,20000000136,人工智能,计算机科学与技术学院
学生0137,200000000000000137,220137,220137@xxx.xxx.xx,20000000137,人工智能,计算机科学与技术学院
学生0138,200000000000000138,220138,220138@xxx.xxx.xx,20000000138,人工智能,计算机科学与技术学院
学生0139,200000000000000139,220139,220139@xxx.xxx.xx,20000000139,人工智能,计算机科学与技术学院
学生0140,200000000000000140,220140,220140@xxx.xxx.xx,20000000140,人工智能,计算机科学与技术学院
学生0141,200000000000000141,220141,220141@xxx.xxx.xx,20000000141,人工智能,计算机科学与技术学院
学生0142,200000000000000142,220142,220142@xxx.xxx.xx,20000000142,人工智能,计算机科学与技术学院
学生0143,200000000000000143,220143,220143@xxx.xxx.xx,20000000143,人工智能,计算机科学与技术学院
学生0144,200000000000000144,220144,220144@xxx.xxx.xx,20000000144,人工智能,计算机科学与技术学院
学生0145,200000000000000145,220145,220145@xxx.xxx.xx,20000000145,人工智能,计算机科学与技术学院
学生0146,200000000000000146,220146,220146@xxx.xxx.xx,20000000146,人工智能,计算机科学与技术学院
学生0147,200000000000000147,220147,220147@xxx.xxx.xx,20000000147,人工智能,计算机科学与技术学院
学生0148,200000000000000148,220148,220148@xxx.xxx.xx,20000000148,人工智能,计算机科学与技术学院
学生0149,200000000000000149,220149,220149@xxx.xxx.xx,20000000149,人工智能,计算机科学与技术学院
学生0150,200000000000000150,220150,220150@xxx.xxx.xx,20000000150,人工智能,计算机科学与技术学院
学生0151,200000000000000151,220151,220151@xxx.xxx.xx,20000000151,数据科学与大数据技术,计算机科学与技术学院
学生0152,200000000000000152,220152,220152@xxx.xxx.xx,20000000152,数据科学与大数据技术,计算机科学与技术学院
学生0153,200000000000000153,220153,220153@xxx.xxx.xx,20000000153,数据科学与大数据技术,计算机科学与技术学院
学生0154,200000000000000154,220154,220154@xxx.xxx.xx,20000000154,数据科学与大数据技术,计算机科学与技术学院
学生0155,200000000000000155,220155,220155@xxx.xxx.xx,20000000155,数据科学与大数据技术,计算机科学与技术学院
学生0156,200000000000000156,220156,220156@xxx.xxx.xx,20000000156,数据科学与大数据技术,计算机科学与技术学院
学生0157,200000000000000157,220157,220157@xxx.xxx.xx,20000000157,数据科学与大数据技术,计算机科学与技术学院
学生0158,200000000000000158,220158,220158@xxx.xxx.xx,20000000158,数据科学与大数据技术,计算机科学与技术学院
学生0159,200000000000000159,220159,220159@xxx.xxx.xx,20000000159,数据科学与大数据技术,计算机科学与技术学院
学生0160,200000000000000160,220160,220160@xxx.xxx.xx,20000000160,数据科学与大数据技术,计算机科学与技术学院
学生0161,200000000000000161,220161,220161@xxx.xxx.xx,20000000161,数据科学与大数据技术,计算机科学与技术学院
学生0162,200000000000000162,220162,220162@xxx.xxx.xx,20000000162,数据科学与大数据技术,计算机科学与技术学院
学生0163,200000000000000163,220163,220163@xxx.xxx.xx,20000000163,数据科学与大数据技术,计算机科学与技术学院
学生0164,200000000000000164,220164,220164@xxx.xxx.xx,20000000164,数据科学与大数据技术,计算机科学与技术学院
学生0165,200000000000000165,220165,220165@xxx.xxx.xx,20000000165,数据科学与大数据技术,计算机科学与技术学院
学生0166,200000000000000166,220166,220166@xxx.xxx.xx,20000000166,数据科学与大数据技术,计算机科学与技术学院
学生0167,200000000000000167,220167,220167@xxx.xxx.xx,20000000167,数据科学与大数据技术,计算机科学与技术学院
学生0168,200000000000000168,220168,220168@xxx.xxx.xx,20000000168,数据科学与大数据技术,计算机科学与技术学院
学生0169,200000000000000169,220169,220169@xxx.xxx.xx,20000000169,数据科学与大数据技术,计算机科学与技术学院
学生0170,200000000000000170,220170,220170@xxx.xxx.xx,20000000170,数据科学与大数据技术,计算机科学与技术学院
学生0171,200000000000000171,220171,220171@xxx.xxx.xx,20000000171,数据科学与大数据技术,计算机科学与技术学院
学生0172,200000000000000172,220172,220172@xxx.xxx.xx,20000000172,数据科学与大数据技术,计算机科学与技术学院
学生0173,200000000000000173,220173,220173@xxx.xxx.xx,20000000173,数据科学与大数据技术,计算机科学与技术学院
学生0174,200000000000000174,220174,220174@xxx.xxx.xx,20000000174,数据科学与大数据技术,计算机科学与技术学院
学生0175,200000000000000175,220175,220175@xxx.xxx.xx,20000000175,数据科学与大数据技术,计算机科学与技术学院
学生0176,200000000000000176,220176,220176@xxx.xxx.xx,20000000176,英语,外国语言文学学院
学生0177,200000000000000177,220177,220177@xxx.xxx.xx,20000000177,英语,外国语言文学学院
学生0178,200000000000000178,220178,220178@xxx.xxx.xx,20000000178,英语,外国语言文学学院
学生0179,200000000000000179,220179,220179@xxx.xxx.xx,20000000179,英语,外国语言文学学院
学生0180,200000000000000180,220180,220180@xxx.xxx.xx,20000000180,英语,外国语言文学学院
学生0181,200000000000000181,220181,220181@xxx.xxx.xx,20000000181,英语,外国语言文学学院
学生0182,200000000000000182,220182,220182@xxx.xxx.xx,20000000182,英语,外国语言文学学院
学生0183,200000000000000183,220183,220183@xxx.xxx.xx,20000000183,英语,外国语言文学学院
学生0184,200000000000000184,220184,220184@xxx.xxx.xx,20000000184,英语,外国语言文学学院
学生0185,200000000000000185,220185,220185@xxx.xxx.xx,20000000185,英语,外国语言文学学院
学生0186,200000000000000186,220186,220186@xxx.xxx.xx,20000000186,英语,外国语言文学学院
学生0187,200000000000000187,220187,220187@xxx.xxx.xx,20000000187,英语,外国语言文学学院
学生0188,200000000000000188,220188,220188@xxx.xxx.xx,20000000188,英语,外国语言文学学院
学生0189,200000000000000189,220189,220189@xxx.xxx.xx,20000000189,英语,外国语言文学学院
学生0190,200000000000000190,220190,220190@xxx.xxx.xx,20000000190,英语,外国语言文学学院
学生0191,200000000000000191,220191,220191@xxx.xxx.xx,20000000191,英语,外国语言文学学院
学生0192,200000000000000192,220192,220192@xxx.xxx.xx,20000000192,英语,外国语言文学学院
学生0193,200000000000000193,220193,220193@xxx.xxx.xx,20000000193,英语,外国语言文学学院
学生0194,200000000000000194,220194,220194@xxx.xxx.xx,20000000194,英语,外国语言文学学院
学生0195,200000000000000195,220195,220195@xxx.xxx.xx,20000000195,英语,外国语言文学学院
学生0196,200000000000000196,220196,220196@xxx.xxx.xx,20000000196,英语,外国语言文学学院
学生0197,200000000000000197,220197,220197@xxx.xxx.xx,20000000197,英语,外国语言文学学院
学生0198,200000000000000198,220198,220198@xxx.xxx.xx,20000000198,英语,外国语言文学学院
学生0199,200000000000000199,220199,220199@xxx.xxx.xx,20000000199,英语,外国语言文学学院
学生0200,200000000000000200,220200,220200@xxx.xxx.xx,20000000200,英语,外国语言文学学院
学生0201,200000000000000201,220201,220201@xxx.xxx.xx,20000000201,俄语,外国语言文学学院
学生0202,200000000000000202,220202,220202@xxx.xxx.xx,20000000202,俄语,外国语言文学学院
学生0203,200000000000000203,220203,220203@xxx.xxx.xx,20000000203,俄语,外国语言文学学院
学生0204,200000000000000204,220204,220204@xxx.xxx.xx,20000000204,俄语,外国语言文学学院
学生0205,200000000000000205,220205,220205@xxx.xxx.xx,20000000205,俄语,外国语言文学学院
学生0206,200000000000000206,220206,220206@xxx.xxx.xx,20000000206,俄语,外国语言文学学院
学生0207,200000000000000207,220207,220207@xxx.xxx.xx,20000000207,俄语,外国语言文学学院
学生0208,200000000000000208,220208,220208@xxx.xxx.xx,20000000208,俄语,外国语言文学学院
学生0209,200000000000000209,220209,220209@xxx.xxx.xx,20000000209,俄语,外国语言文学学院
学生0210,200000000000000210,220210,220210@xxx.xxx.xx,20000000210,俄语,外国语言文学学院
学生0211,200000000000000211,220211,220211@xxx.xxx.xx,20000000211,俄语,外国语言文学学院
学生0212,200000000000000212,220212,220212@xxx.xxx.xx,20000000212,俄语,外国语言文学学院
学生0213,200000000000000213,220213,220213@xxx.xxx.xx,20000000213,俄语,外国语言文学学院
学生0214,200000000000000214,220214,220214@xxx.xxx.xx,20000000214,俄语,外国语言文学学院
学生0215,200000000000000215,220215,220215@xxx.xxx.xx,20000000215,俄语,外国语言文学学院
学生0216,200000000000000216,220216,220216@xxx.xxx.xx,20000000216,俄语,外国语言文学学院
学生0217,200000000000000217,220217,220217@xxx.xxx.xx,20000000217,俄语,外国语言文学学院
学生0218,200000000000000218,220218,220218@xxx.xxx.xx,20000000218,俄语,外国语言文学学院
学生0219,200000000000000219,220219,220219@xxx.xxx.xx,20000000219,俄语,外国语言文学学院
学生0220,200000000000000220,220220,220220@xxx.xxx.xx,20000000220,俄语,外国语言文学学院
学生0221,200000000000000221,220221,220221@xxx.xxx.xx,20000000221,俄语,外国语言文学学院
学生0222,200000000000000222,220222,220222@xxx.xxx.xx,20000000222,俄语,外国语言文学学院
学生0223,200000000000000223,220223,220223@xxx.xxx.xx,20000000223,俄语,外国语言文学学院
学生0224,200000000000000224,220224,220224@xxx.xxx.xx,20000000224,俄语,外国语言文学学院
学生0225,200000000000000225,220225,220225@xxx.xxx.xx,20000000225,俄语,外国语言文学学院
学生0226,200000000000000226,220226,220226@xxx.xxx.xx,20000000226,德语,外国语言文学学院
学生0227,200000000000000227,220227,220227@xxx.xxx.xx,20000000227,德语,外国语言文学学院
学生0228,200000000000000228,220228,220228@xxx.xxx.xx,20000000228,德语,外国语言文学学院
学生0229,200000000000000229,220229,220229@xxx.xxx.xx,20000000229,德语,外国语言文学学院
学生0230,200000000000000230,220230,220230@xxx.xxx.xx,20000000230,德语,外国语言文学学院
学生0231,200000000000000231,220231,220231@xxx.xxx.xx,20000000231,德语,外国语言文学学院
学生0232,200000000000000232,220232,220232@xxx.xxx.xx,20000000232,德语,外国语言文学学院
学生0233,200000000000000233,220233,220233@xxx.xxx.xx,20000000233,德语,外国语言文学学院
学生0234,200000000000000234,220234,220234@xxx.xxx.xx,20000000234,德语,外国语言文学学院
学生0235,200000000000000235,220235,220235@xxx.xxx.xx,20000000235,德语,外国语言文学学院
学生0236,200000000000000236,220236,220236@xxx.xxx.xx,20000000236,德语,外国语言文学学院
学生0237,200000000000000237,220237,220237@xxx.xxx.xx,20000000237,德语,外国语言文学学院
学生0238,200000000000000238,220238,220238@xxx.xxx.xx,20000000238,德语,外国语言文学学院
学生0239,200000000000000239,220239,220239@xxx.xxx.xx,20000000239,德语,外国语言文学学院
学生0240,200000000000000240,220240,220240@xxx.xxx.xx,20000000240,德语,外国语言文学学院
学生0241,200000000000000241,220241,220241@xxx.xxx.xx,20000000241,德语,外国语言文学学院
学生0242,200000000000000242,220242,220242@xxx.xxx.xx,20000000242,德语,外国语言文学学院
学生0243,200000000000000243,220243,220243@xxx.xxx.xx,20000000243,德语,外国语言文学学院
学生0244,200000000000000244,220244,220244@xxx.xxx.xx,20000000244,德语,外国语言文学学院
学生0245,200000000000000245,220245,220245@xxx.xxx.xx,20000000245,德语,外国语言文学学院
学生0246,200000000000000246,220246,220246@xxx.xxx.xx,20000000246,德语,外国语言文学学院
学生0247,200000000000000247,220247,220247@xxx.xxx.xx,20000000247,德语,外国语言文学学院
学生0248,200000000000000248,220248,220248@xxx.xxx.xx,20000000248,德语,外国语言文学学院
学生0249,200000000000000249,220249,220249@xxx.xxx.xx,20000000249,德语,外国语言文学学院
学生0250,200000000000000250,220250,220250@xxx.xxx.xx,20000000250,德语,外国语言文学学院
学生0251,200000000000000251,220251,220251@xxx.xxx.xx,20000000251,法语,外国语言文学学院
学生0252,200000000000000252,220252,220252@xxx.xxx.xx,20000000252,法语,外国语言文学学院
学生0253,200000000000000253,220253,220253@xxx.xxx.xx,20000000253,法语,外国语言文学学院
学生0254,200000000000000254,220254,220254@xxx.xxx.xx,20000000254,法语,外国语言文学学院
学生0255,200000000000000255,220255,220255@xxx.xxx.xx,20000000255,法语,外国语言文学学院
学生0256,200000000000000256,220256,220256@xxx.xxx.xx,20000000256,法语,外国语言文学学院
学生0257,200000000000000257,220257,220257@xxx.xxx.xx,20000000257,法语,外国语言文学学院
学生0258,200000000000000258,220258,220258@xxx.xxx.xx,20000000258,法语,外国语言文学学院
学生0259,200000000000000259,220259,220259@xxx.xxx.xx,20000000259,法语,外国语言文学学院
学生0260,200000000000000260,220260,220260@xxx.xxx.xx,20000000260,法语,外国语言文学学院
学生0261,200000000000000261,220261,220261@xxx.xxx.xx,20000000261,法语,外国语言文学学院
学生0262,200000000000000262,220262,220262@xxx.xxx.xx,20000000262,法语,外国语言文学学院
学生0263,200000000000000263,220263,220263@xxx.xxx.xx,20000000263,法语,外国语言文学学院
学生0264,200000000000000264,220264,220264@xxx.xxx.xx,20000000264,法语,外国语言文学学院
学生0265,200000000000000265,220265,220265@xxx.xxx.xx,20000000265,法语,外国语言文学学院
学生0266,200000000000000266,220266,220266@xxx.xxx.xx,20000000266,法语,外国语言文学学院
学生0267,200000000000000267,220267,220267@xxx.xxx.xx,20000000267,法语,外国语言文学学院
学生0268,200000000000000268,220268,220268@xxx.xxx.xx,20000000268,法语,外国语言文学学院
学生0269,200000000000000269,220269,220269@xxx.xxx.xx,20000000269,法语,外国语言文学学院
学生0270,200000000000000270,220270,220270@xxx.xxx.xx,20000000270,法语,外国语言文学学院
学生0271,200000000000000271,220271,220271@xxx.xxx.xx,20000000271,法语,外国语言文学学院
学生0272,200000000000000272,220272,220272@xxx.xxx.xx,20000000272,法语,外国语言文学学院
学生0273,200000000000000273,220273,220273@xxx.xxx.xx,20000000273,法语,外国语言文学学院
学生0274,200000000000000274,220274,220274@xxx.xxx.xx,20000000274,法语,外国语言文学学院
学生0275,200000000000000275,220275,220275@xxx.xxx.xx,20000000275,法语,外国语言文学学院
学生0276,200000000000000276,220276,220276@xxx.xxx.xx,20000000276,日语,外国语言文学学院
学生0277,200000000000000277,220277,220277@xxx.xxx.xx,20000000277,日语,外国语言文学学院
学生0278,200000000000000278,220278,220278@xxx.xxx.xx,20000000278,日语,外国语言文学学院
学生0279,200000000000000279,220279,220279@xxx.xxx.xx,20000000279,日语,外国语言文学学院
学生0280,200000000000000280,220280,220280@xxx.xxx.xx,20000000280,日语,外国语言文学学院
学生0281,200000000000000281,220281,220281@xxx.xxx.xx,20000000281,日语,外国语言文学学院
学生0282,200000000000000282,220282,220282@xxx.xxx.xx,20000000282,日语,外国语言文学学院
学生0283,200000000000000283,220283,220283@xxx.xxx.xx,20000000283,日语,外国语言文学学院
学生0284,200000000000000284,220284,220284@xxx.xxx.xx,20000000284,日语,外国语言文学学院
学生0285,200000000000000285,220285,220285@xxx.xxx.xx,20000000285,日语,外国语言文学学院
学生0286,200000000000000286,220286,220286@xxx.xxx.xx,20000000286,日语,外国语言文学学院
学生0287,200000000000000287,220287,220287@xxx.xxx.xx,20000000287,日语,外国语言文学学院
学生0288,200000000000000288,220288,220288@xxx.xxx.xx,20000000288,日语,外国语言文学学院
学生0289,200000000000000289,220289,220289@xxx.xxx.xx,20000000289,日语,外国语言文学学院
学生0290,200000000000000290,220290,220290@xxx.xxx.xx,20000000290,日语,外国语言文学学院
学生0291,200000000000000291,220291,220291@xxx.xxx.xx,20000000291,日语,外国语言文学学院
学生0292,200000000000000292,220292,220292@xxx.xxx.xx,20000000292,日语,外国语言文学学院
学生0293,200000000000000293,220293,220293@xxx.xxx.xx,20000000293,日语,外国语言文学学院
学生0294,200000000000000294,220294,220294@xxx.xxx.xx,20000000294,日语,外国语言文学学院
学生0295,200000000000000295,220295,220295@xxx.xxx.xx,20000000295,日语,外国语言文学学院
学生0296,200000000000000296,220296,220296@xxx.xxx.xx,20000000296,日语,外国语言文学学院
学生0297,200000000000000297,220297,220297@xxx.xxx.xx,20000000297,日语,外国语言文学学院
学生0298,200000000000000298,220298,220298@xxx.xxx.xx,20000000298,日语,外国语言文学学院
学生0299,200000000000000299,220299,220299@xxx.xxx.xx,20000000299,日语,外国语言文学学院
学生0300,200000000000000300,220300,220300@xxx.xxx.xx,20000000300,日语,外国语言文学学院
学生0301,200000000000000301,220301,220301@xxx.xxx.xx,20000000301,翻译,外国语言文学学院
学生0302,200000000000000302,220302,220302@xxx.xxx.xx,20000000302,翻译,外国语言文学学院
学生0303,200000000000000303,220303,220303@xxx.xxx.xx,20000000303,翻译,外国语言文学学院
学生0304,200000000000000304,220304,220304@xxx.xxx.xx,20000000304,翻译,外国语言文学学院
学生0305,200000000000000305,220305,220305@xxx.xxx.xx,20000000305,翻译,外国语言文学学院
学生0306,200000000000000306,220306,220306@xxx.xxx.xx,20000000306,翻译,外国语言文学学院
学生0307,200000000000000307,220307,220307@xxx.xxx.xx,20000000307,翻译,外国语言文学学院
学生0308,200000000000000308,220308,220308@xxx.xxx.xx,20000000308,翻译,外国语言文学学院
学生0309,200000000000000309,220309,220309@xxx.xxx.xx,20000000309,翻译,外国语言文学学院
学生0310,200000000000000310,220310,220310@xxx.xxx.xx,20000000310,翻译,外国语言文学学院
学生0311,200000000000000311,220311,220311@xxx.xxx.xx,20000000311,翻译,外国语言文学学院
学生0312,200000000000000312,220312,220312@xxx.xxx.xx,20000000312,翻译,外国语言文学学院
学生0313,200000000000000313,220313,220313@xxx.xxx.xx,20000000313,翻译,外国语言文学学院
学生0314,200000000000000314,220314,220314@xxx.xxx.xx,20000000314,翻译,外国语言文学学院
学生0315,200000000000000315,220315,220315@xxx.xxx.xx,20000000315,翻译,外国语言文学学院
学生0316,200000000000000316,220316,220316@xxx.xxx.xx,20000000316,翻译,外国语言文学学院
学生0317,200000000000000317,220317,220317@xxx.xxx.xx,20000000317,翻译,外国语言文学学院
学生0318,200000000000000318,220318,220318@xxx.xxx.xx,20000000318,翻译,外国语言文学学院
学生0319,200000000000000319,220319,220319@xxx.xxx.xx,20000000319,翻译,外国语言文学学院
学生0320,200000000000000320,220320,220320@xxx.xxx.xx,20000000320,翻译,外国语言文学学院
学生0321,200000000000000321,220321,220321@xxx.xxx.xx,20000000321,翻译,外国语言文学学院
学生0322,200000000000000322,220322,220322@xxx.xxx.xx,20000000322,翻译,外国语言文学学院
学生0323,200000000000000323,220323,220323@xxx.xxx.xx,20000000323,翻译,外国语言文学学院
学生0324,200000000000000324,220324,220324@xxx.xxx.xx,20000000324,翻译,外国语言文学学院
学生0325,200000000000000325,220325,220325@xxx.xxx.xx,20000000325,翻译,外国语言文学学院
学生0326,200000000000000326,220326,220326@xxx.xxx.xx,20000000326,朝鲜语,外国语言文学学院
学生0327,200000000000000327,220327,220327@xxx.xxx.xx,20000000327,朝鲜语,外国语言文学学院
学生0328,200000000000000328,220328,220328@xxx.xxx.xx,20000000328,朝鲜语,外国语言文学学院
学生0329,200000000000000329,220329,220329@xxx.xxx.xx,20000000329,朝鲜语,外国语言文学学院
学生0330,200000000000000330,220330,220330@xxx.xxx.xx,20000000330,朝鲜语,外国语言文学学院
学生0331,200000000000000331,220331,220331@xxx.xxx.xx,20000000331,朝鲜语,外国语言文学学院
学生0332,200000000000000332,220332,220332@xxx.xxx.xx,20000000332,朝鲜语,外国语言文学学院
学生0333,200000000000000333,220333,220333@xxx.xxx.xx,20000000333,朝鲜语,外国语言文学学院
学生0334,200000000000000334,220334,220334@xxx.xxx.xx,20000000334,朝鲜语,外国语言文学学院
学生0335,200000000000000335,220335,220335@xxx.xxx.xx,20000000335,朝鲜语,外国语言文学学院
学生0336,200000000000000336,220336,220336@xxx.xxx.xx,20000000336,朝鲜语,外国语言文学学院
学生0337,200000000000000337,220337,220337@xxx.xxx.xx,20000000337,朝鲜语,外国语言文学学院
学生0338,200000000000000338,220338,220338@xxx.xxx.xx,20000000338,朝鲜语,外国语言文学学院
学生0339,200000000000000339,220339,220339@xxx.xxx.xx,20000000339,朝鲜语,外国语言文学学院
学生0340,200000000000000340,220340,220340@xxx.xxx.xx,20000000340,朝鲜语,外国语言文学学院
学生0341,200000000000000341,220341,220341@xxx.xxx.xx,20000000341,朝鲜语,外国语言文学学院
学生0342,200000000000000342,220342,220342@xxx.xxx.xx,20000000342,朝鲜语,外国语言文学学院
学生0343,200000000000000343,220343,220343@xxx.xxx.xx,20000000343,朝鲜语,外国语言文学学院
学生0344,200000000000000344,220344,220344@xxx.xxx.xx,20000000344,朝鲜语,外国语言文学学院
学生0345,200000000000000345,220345,220345@xxx.xxx.xx,20000000345,朝鲜语,外国语言文学学院
学生0346,200000000000000346,220346,220346@xxx.xxx.xx,20000000346,朝鲜语,外国语言文学学院
学生0347,200000000000000347,220347,220347@xxx.xxx.xx,20000000347,朝鲜语,外国语言文学学院
学生0348,200000000000000348,220348,220348@xxx.xxx.xx,20000000348,朝鲜语,外国语言文学学院
学生0349,200000000000000349,220349,220349@xxx.xxx.xx,20000000349,朝鲜语,外国语言文学学院
学生0350,200000000000000350,220350,220350@xxx.xxx.xx,20000000350,朝鲜语,外国语言文学学院
学生0351,200000000000000351,220351,220351@xxx.xxx.xx,20000000351,西班牙语,外国语言文学学院
学生0352,200000000000000352,220352,220352@xxx.xxx.xx,20000000352,西班牙语,外国语言文学学院
学生0353,200000000000000353,220353,220353@xxx.xxx.xx,20000000353,西班牙语,外国语言文学学院
学生0354,200000000000000354,220354,220354@xxx.xxx.xx,20000000354,西班牙语,外国语言文学学院
学生0355,200000000000000355,220355,220355@xxx.xxx.xx,20000000355,西班牙语,外国语言文学学院
学生0356,200000000000000356,220356,220356@xxx.xxx.xx,20000000356,西班牙语,外国语言文学学院
学生0357,200000000000000357,220357,220357@xxx.xxx.xx,20000000357,西班牙语,外国语言文学学院
学生0358,200000000000000358,220358,220358@xxx.xxx.xx,20000000358,西班牙语,外国语言文学学院
学生0359,200000000000000359,220359,220359@xxx.xxx.xx,20000000359,西班牙语,外国语言文学学院
学生0360,200000000000000360,220360,220360@xxx.xxx.xx,20000000360,西班牙语,外国语言文学学院
学生0361,200000000000000361,220361,220361@xxx.xxx.xx,20000000361,西班牙语,外国语言文学学院
学生0362,200000000000000362,220362,220362@xxx.xxx.xx,20000000362,西班牙语,外国语言文学学院
学生0363,200000000000000363,220363,220363@xxx.xxx.xx,20000000363,西班牙语,外国语言文学学院
学生0364,200000000000000364,220364,220364@xxx.xxx.xx,20000000364,西班牙语,外国语言文学学院
学生0365,200000000000000365,220365,220365@xxx.xxx.xx,20000000365,西班牙语,外国语言文学学院
学生0366,200000000000000366,220366,220366@xxx.xxx.xx,20000000366,西班牙语,外国语言文学学院
学生0367,200000000000000367,220367,220367@xxx.xxx.xx,20000000367,西班牙语,外国语言文学学院
学生0368,200000000000000368,220368,220368@xxx.xxx.xx,20000000368,西班牙语,外国语言文学学院
学生0369,200000000000000369,220369,220369@xxx.xxx.xx,20000000369,西班牙语,外国语言文学学院
学生0370,200000000000000370,220370,220370@xxx.xxx.xx,20000000370,西班牙语,外国语言文学学院
学生0371,200000000000000371,220371,220371@xxx.xxx.xx,20000000371,西班牙语,外国语言文学学院
学生0372,200000000000000372,220372,220372@xxx.xxx.xx,20000000372,西班牙语,外国语言文学学院
学生0373,200000000000000373,220373,220373@xxx.xxx.xx,20000000373,西班牙语,外国语言文学学院
学生0374,200000000000000374,220374,220374@xxx.xxx.xx,20000000374,西班牙语,外国语言文学学院
学生0375,200000000000000375,220375,220375@xxx.xxx.xx,20000000375,西班牙语,外国语言文学学院
学生0376,200000000000000376,220376,220376@xxx.xxx.xx,20000000376,新闻学,新闻学院
学生0377,200000000000000377,220377,220377@xxx.xxx.xx,20000000377,新闻学,新闻学院
学生0378,200000000000000378,220378,220378@xxx.xxx.xx,20000000378,新闻学,新闻学院
学生0379,200000000000000379,220379,220379@xxx.xxx.xx,20000000379,新闻学,新闻学院
学生0380,200000000000000380,220380,220380@xxx.xxx.xx,20000000380,新闻学,新闻学院
学生0381,200000000000000381,220381,220381@xxx.xxx.xx,20000000381,新闻学,新闻学院
学生0382,200000000000000382,220382,220382@xxx.xxx.xx,20000000382,新闻学,新闻学院
学生0383,200000000000000383,220383,220383@xxx.xxx.xx,20000000383,新闻学,新闻学院
学生0384,200000000000000384,220384,220384@xxx.xxx.xx,20000000384,新闻学,新闻学院
学生0385,200000000000000385,220385,220385@xxx.xxx.xx,20000000385,新闻学,新闻学院
学生0386,200000000000000386,220386,220386@xxx.xxx.xx,20000000386,新闻学,新闻学院
学生0387,200000000000000387,220387,220387@xxx.xxx.xx,20000000387,新闻学,新闻学院
学生0388,200000000000000388,220388,220388@xxx.xxx.xx,20000000388,新闻学,新闻学院
学生0389,200000000000000389,220389,220389@xxx.xxx.xx,20000000389,新闻学,新闻学院
学生0390,200000000000000390,220390,220390@xxx.xxx.xx,20000000390,新闻学,新闻学院
学生0391,200000000000000391,220391,220391@xxx.xxx.xx,20000000391,新闻学,新闻学院
学生0392,200000000000000392,220392,220392@xxx.xxx.xx,20000000392,新闻学,新闻学院
学生0393,200000000000000393,220393,220393@xxx.xxx.xx,20000000393,新闻学,新闻学院
学生0394,200000000000000394,220394,220394@xxx.xxx.xx,20000000394,新闻学,新闻学院
学生0395,200000000000000395,220395,220395@xxx.xxx.xx,20000000395,新闻学,新闻学院
学生0396,200000000000000396,220396,220396@xxx.xxx.xx,20000000396,新闻学,新闻学院
学生0397,200000000000000397,220397,220397@xxx.xxx.xx,20000000397,新闻学,新闻学院
学生0398,200000000000000398,220398,220398@xxx.xxx.xx,20000000398,新闻学,新闻学院
学生0399,200000000000000399,220399,220399@xxx.xxx.xx,20000000399,新闻学,新闻学院
学生0400,200000000000000400,220400,220400@xxx.xxx.xx,20000000400,新闻学,新闻学院
学生0401,200000000000000401,220401,220401@xxx.xxx.xx,20000000401,广播电视学,新闻学院
学生0402,200000000000000402,220402,220402@xxx.xxx.xx,20000000402,广播电视学,新闻学院
学生0403,200000000000000403,220403,220403@xxx.xxx.xx,20000000403,广播电视学,新闻学院
学生0404,200000000000000404,220404,220404@xxx.xxx.xx,20000000404,广播电视学,新闻学院
学生0405,200000000000000405,220405,220405@xxx.xxx.xx,20000000405,广播电视学,新闻学院
学生0406,200000000000000406,220406,220406@xxx.xxx.xx,20000000406,广播电视学,新闻学院
学生0407,200000000000000407,220407,220407@xxx.xxx.xx,20000000407,广播电视学,新闻学院
学生0408,200000000000000408,220408,220408@xxx.xxx.xx,20000000408,广播电视学,新闻学院
学生0409,200000000000000409,220409,220409@xxx.xxx.xx,20000000409,广播电视学,新闻学院
学生0410,200000000000000410,220410,220410@xxx.xxx.xx,20000000410,广播电视学,新闻学院
学生0411,200000000000000411,220411,220411@xxx.xxx.xx,20000000411,广播电视学,新闻学院
学生0412,200000000000000412,220412,220412@xxx.xxx.xx,20000000412,广播电视学,新闻学院
学生0413,200000000000000413,220413,220413@xxx.xxx.xx,20000000413,广播电视学,新闻学院
学生0414,200000000000000414,220414,220414@xxx.xxx.xx,20000000414,广播电视学,新闻学院
学生0415,200000000000000415,220415,220415@xxx.xxx.xx,20000000415,广播电视学,新闻学院
学生0416,200000000000000416,220416,220416@xxx.xxx.xx,20000000416,广播电视学,新闻学院
学生0417,200000000000000417,220417,220417@xxx.xxx.xx,20000000417,广播电视学,新闻学院
学生0418,200000000000000418,220418,220418@xxx.xxx.xx,20000000418,广播电视学,新闻学院
学生0419,200000000000000419,220419,220419@xxx.xxx.xx,20000000419,广播电视学,新闻学院
学生0420,200000000000000420,220420,220420@xxx.xxx.xx,20000000420,广播电视学,新闻学院
学生0421,200000000000000421,220421,220421@xxx.xxx.xx,20000000421,广播电视学,新闻学院
学生0422,200000000000000422,220422,220422@xxx.xxx.xx,20000000422,广播电视学,新闻学院
学生0423,200000000000000423,220423,220423@xxx.xxx.xx,20000000423,广播电视学,新闻学院
学生0424,200000000000000424,220424,220424@xxx.xxx.xx,20000000424,广播电视学,新闻学院
学生0425,200000000000000425,220425,220425@xxx.xxx.xx,20000000425,广播电视学,新闻学院
学生0426,200000000000000426,220426,220426@xxx.xxx.xx,20000000426,广告学,新闻学院
学生0427,200000000000000427,220427,220427@xxx.xxx.xx,20000000427,广告学,新闻学院
学生0428,200000000000000428,220428,220428@xxx.xxx.xx,20000000428,广告学,新闻学院
学生0429,200000000000000429,220429,220429@xxx.xxx.xx,20000000429,广告学,新闻学院
学生0430,200000000000000430,220430,220430@xxx.xxx.xx,20000000430,广告学,新闻学院
学生0431,200000000000000431,220431,220431@xxx.xxx.xx,20000000431,广告学,新闻学院
学生0432,200000000000000432,220432,220432@xxx.xxx.xx,20000000432,广告学,新闻学院
学生0433,200000000000000433,220433,220433@xxx.xxx.xx,20000000433,广告学,新闻学院
学生0434,200000000000000434,220434,220434@xxx.xxx.xx,20000000434,广告学,新闻学院
学生0435,200000000000000435,220435,220435@xxx.xxx.xx,20000000435,广告学,新闻学院
学生0436,200000000000000436,220436,220436@xxx.xxx.xx,20000000436,广告学,新闻学院
学生0437,200000000000000437,220437,220437@xxx.xxx.xx,20000000437,广告学,新闻学院
学生0438,200000000000000438,220438,220438@xxx.xxx.xx,20000000438,广告学,新闻学院
学生0439,200000000000000439,220439,220439@xxx.xxx.xx,20000000439,广告学,新闻学院
学生0440,200000000000000440,220440,220440@xxx.xxx.xx,20000000440,广告学,新闻学院
学生0441,200000000000000441,220441,220441@xxx.xxx.xx,20000000441,广告学,新闻学院
学生0442,200000000000000442,220442,220442@xxx.xxx.xx,20000000442,广告学,新闻学院
学生0443,200000000000000443,220443,220443@xxx.xxx.xx,20000000443,广告学,新闻学院
学生0444,200000000000000444,220444,220444@xxx.xxx.xx,20000000444,广告学,新闻学院
学生0445,200000000000000445,220445,220445@xxx.xxx.xx,20000000445,广告学,新闻学院
学生0446,200000000000000446,220446,220446@xxx.xxx.xx,20000000446,广告学,新闻学院
学生0447,200000000000000447,220447,220447@xxx.xxx.xx,20000000447,广告学,新闻学院
学生0448,200000000000000448,220448,220448@xxx.xxx.xx,20000000448,广告学,新闻学院
学生0449,200000000000000449,220449,220449@xxx.xxx.xx,20000000449,广告学,新闻学院
学生0450,200000000000000450,220450,220450@xxx.xxx.xx,20000000450,广告学,新闻学院
学生0451,200000000000000451,220451,220451@xxx.xxx.xx,20000000451,传播学,新闻学院
学生0452,200000000000000452,220452,220452@xxx.xxx.xx,20000000452,传播学,新闻学院
学生0453,200000000000000453,220453,220453@xxx.xxx.xx,20000000453,传播学,新闻学院
学生0454,200000000000000454,220454,220454@xxx.xxx.xx,20000000454,传播学,新闻学院
学生0455,200000000000000455,220455,220455@xxx.xxx.xx,20000000455,传播学,新闻学院
学生0456,200000000000000456,220456,220456@xxx.xxx.xx,20000000456,传播学,新闻学院
学生0457,200000000000000457,220457,220457@xxx.xxx.xx,20000000457,传播学,新闻学院
学生0458,200000000000000458,220458,220458@xxx.xxx.xx,20000000458,传播学,新闻学院
学生0459,200000000000000459,220459,220459@xxx.xxx.xx,20000000459,传播学,新闻学院
学生0460,200000000000000460,220460,220460@xxx.xxx.xx,20000000460,传播学,新闻学院
学生0461,200000000000000461,220461,220461@xxx.xxx.xx,20000000461,传播学,新闻学院
学生0462,200000000000000462,220462,220462@xxx.xxx.xx,20000000462,传播学,新闻学院
学生0463,200000000000000463,220463,220463@xxx.xxx.xx,20000000463,传播学,新闻学院
学生0464,200000000000000464,220464,220464@xxx.xxx.xx,20000000464,传播学,新闻学院
学生0465,200000000000000465,220465,220465@xxx.xxx.xx,20000000465,传播学,新闻学院
学生0466,200000000000000466,220466,220466@xxx.xxx.xx,20000000466,传播学,新闻学院
学生0467,200000000000000467,220467,220467@xxx.xxx.xx,20000000467,传播学,新闻学院
学生0468,200000000000000468,220468,220468@xxx.xxx.xx,20000000468,传播学,新闻学院
学生0469,200000000000000469,220469,220469@xxx.xxx.xx,20000000469,传播学,新闻学院
学生0470,200000000000000470,220470,220470@xxx.xxx.xx,20000000470,传播学,新闻学院
学生0471,200000000000000471,220471,220471@xxx.xxx.xx,20000000471,传播学,新闻学院
学生0472,200000000000000472,220472,220472@xxx.xxx.xx,20000000472,传播学,新闻学院
学生0473,200000000000000473,220473,220473@xxx.xxx.xx,20000000473,传播学,新闻学院
学生0474,200000000000000474,220474,220474@xxx.xxx.xx,20000000474,传播学,新闻学院
学生0475,200000000000000475,220475,220475@xxx.xxx.xx,20000000475,传播学,新闻学院
学生0476,200000000000000476,220476,220476@xxx.xxx.xx,20000000476,经济学,经济学院
学生0477,200000000000000477,220477,220477@xxx.xxx.xx,20000000477,经济学,经济学院
学生0478,200000000000000478,220478,220478@xxx.xxx.xx,20000000478,经济学,经济学院
学生0479,200000000000000479,220479,220479@xxx.xxx.xx,20000000479,经济学,经济学院
学生0480,200000000000000480,220480,220480@xxx.xxx.xx,20000000480,经济学,经济学院
学生0481,200000000000000481,220481,220481@xxx.xxx.xx,20000000481,经济学,经济学院
学生0482,200000000000000482,220482,220482@xxx.xxx.xx,20000000482,经济学,经济学院
学生0483,200000000000000483,220483,220483@xxx.xxx.xx,20000000483,经济学,经济学院
学生0484,200000000000000484,220484,220484@xxx.xxx.xx,20000000484,经济学,经济学院
学生0485,200000000000000485,220485,220485@xxx.xxx.xx,20000000485,经济学,经济学院
学生0486,200000000000000486,220486,220486@xxx.xxx.xx,20000000486,经济学,经济学院
学生0487,200000000000000487,220487,220487@xxx.xxx.xx,20000000487,经济学,经济学院
学生0488,200000000000000488,220488,220488@xxx.xxx.xx,20000000488,经济学,经济学院
学生0489,200000000000000489,220489,220489@xxx.xxx.xx,20000000489,经济学,经济学院
学生0490,200000000000000490,220490,220490@xxx.xxx.xx,20000000490,经济学,经济学院
学生0491,200000000000000491,220491,220491@xxx.xxx.xx,20000000491,经济学,经济学院
学生0492,200000000000000492,220492,220492@xxx.xxx.xx,20000000492,经济学,经济学院
学生0493,200000000000000493,220493,220493@xxx.xxx.xx,20000000493,经济学,经济学院
学生0494,200000000000000494,220494,220494@xxx.xxx.xx,20000000494,经济学,经济学院
学生0495,200000000000000495,220495,220495@xxx.xxx.xx,20000000495,经济学,经济学院
学生0496,200000000000000496,220496,220496@xxx.xxx.xx,20000000496,经济学,经济学院
学生0497,200000000000000497,220497,220497@xxx.xxx.xx,20000000497,经济学,经济学院
学生0498,200000000000000498,220498,220498@xxx.xxx.xx,20000000498,经济学,经济学院
学生0499,200000000000000499,220499,220499@xxx.xxx.xx,20000000499,经济学,经济学院
学生0500,200000000000000500,220500,220500@xxx.xxx.xx,20000000500,经济学,经济学院
学生0501,200000000000000501,220501,220501@xxx.xxx.xx,20000000501,国际经济与贸易,经济学院
学生0502,200000000000000502,220502,220502@xxx.xxx.xx,20000000502,国际经济与贸易,经济学院
学生0503,200000000000000503,220503,220503@xxx.xxx.xx,20000000503,国际经济与贸易,经济学院
学生0504,200000000000000504,220504,220504@xxx.xxx.xx,20000000504,国际经济与贸易,经济学院
学生0505,200000000000000505,220505,220505@xxx.xxx.xx,20000000505,国际经济与贸易,经济学院
学生0506,200000000000000506,220506,220506@xxx.xxx.xx,20000000506,国际经济与贸易,经济学院
学生0507,200000000000000507,220507,220507@xxx.xxx.xx,20000000507,国际经济与贸易,经济学院
学生0508,200000000000000508,220508,220508@xxx.xxx.xx,20000000508,国际经济与贸易,经济学院
学生0509,200000000000000509,220509,220509@xxx.xxx.xx,20000000509,国际经济与贸易,经济学院
学生0510,200000000000000510,220510,220510@xxx.xxx.xx,20000000510,国际经济与贸易,经济学院
学生0511,200000000000000511,220511,220511@xxx.xxx.xx,20000000511,国际经济与贸易,经济学院
学生0512,200000000000000512,220512,220512@xxx.xxx.xx,20000000512,国际经济与贸易,经济学院
学生0513,200000000000000513,220513,220513@xxx.xxx.xx,20000000513,国际经济与贸易,经济学院
学生0514,200000000000000514,220514,220514@xxx.xxx.xx,20000000514,国际经济与贸易,经济学院
学生0515,200000000000000515,220515,220515@xxx.xxx.xx,20000000515,国际经济与贸易,经济学院
学生0516,200000000000000516,220516,220516@xxx.xxx.xx,20000000516,国际经济与贸易,经济学院
学生0517,200000000000000517,220517,220517@xxx.xxx.xx,20000000517,国际经济与贸易,经济学院
学生0518,200000000000000518,220518,220518@xxx.xxx.xx,20000000518,国际经济与贸易,经济学院
学生0519,200000000000000519,220519,220519@xxx.xxx.xx,20000000519,国际经济与贸易,经济学院
学生0520,200000000000000520,220520,220520@xxx.xxx.xx,20000000520,国际经济与贸易,经济学院
学生0521,200000000000000521,220521,220521@xxx.xxx.xx,20000000521,国际经济与贸易,经济学院
学生0522,200000000000000522,220522,220522@xxx.xxx.xx,20000000522,国际经济与贸易,经济学院
学生0523,200000000000000523,220523,220523@xxx.xxx.xx,20000000523,国际经济与贸易,经济学院
学生0524,200000000000000524,220524,220524@xxx.xxx.xx,20000000524,国际经济与贸易,经济学院
学生0525,200000000000000525,220525,220525@xxx.xxx.xx,20000000525,国际经济与贸易,经济学院
学生0526,200000000000000526,220526,220526@xxx.xxx.xx,20000000526,数理经济,经济学院
学生0527,200000000000000527,220527,220527@xxx.xxx.xx,20000000527,数理经济,经济学院
学生0528,200000000000000528,220528,220528@xxx.xxx.xx,20000000528,数理经济,经济学院
学生0529,200000000000000529,220529,220529@xxx.xxx.xx,20000000529,数理经济,经济学院
学生0530,200000000000000530,220530,220530@xxx.xxx.xx,20000000530,数理经济,经济学院
学生0531,200000000000000531,220531,220531@xxx.xxx.xx,20000000531,数理经济,经济学院
学生0532,200000000000000532,220532,220532@xxx.xxx.xx,20000000532,数理经济,经济学院
学生0533,200000000000000533,220533,220533@xxx.xxx.xx,20000000533,数理经济,经济学院
学生0534,200000000000000534,220534,220534@xxx.xxx.xx,20000000534,数理经济,经济学院
学生0535,200000000000000535,220535,220535@xxx.xxx.xx,20000000535,数理经济,经济学院
学生0536,200000000000000536,220536,220536@xxx.xxx.xx,20000000536,数理经济,经济学院
学生0537,200000000000000537,220537,220537@xxx.xxx.xx,20000000537,数理经济,经济学院
学生0538,200000000000000538,220538,220538@xxx.xxx.xx,20000000538,数理经济,经济学院
学生0539,200000000000000539,220539,220539@xxx.xxx.xx,20000000539,数理经济,经济学院
学生0540,200000000000000540,220540,220540@xxx.xxx.xx,20000000540,数理经济,经济学院
学生0541,200000000000000541,220541,220541@xxx.xxx.xx,20000000541,数理经济,经济学院
学生0542,200000000000000542,220542,220542@xxx.xxx.xx,20000000542,数理经济,经济学院
学生0543,200000000000000543,220543,220543@xxx.xxx.xx,20000000543,数理经济,经济学院
学生0544,200000000000000544,220544,220544@xxx.xxx.xx,20000000544,数理经济,经济学院
学生0545,200000000000000545,220545,220545@xxx.xxx.xx,20000000545,数理经济,经济学院
学生0546,200000000000000546,220546,220546@xxx.xxx.xx,20000000546,数理经济,经济学院
学生0547,200000000000000547,220547,220547@xxx.xxx.xx,20000000547,数理经济,经济学院
学生0548,200000000000000548,220548,220548@xxx.xxx.xx,20000000548,数理经济,经济学院
学生0549,200000000000000549,220549,220549@xxx.xxx.xx,20000000549,数理经济,经济学院
学生0550,200000000000000550,220550,220550@xxx.xxx.xx,20000000550,数理经济,经济学院
学生0551,200000000000000551,220551,220551@xxx.xxx.xx,20000000551,财政学,经济学院
学生0552,200000000000000552,220552,220552@xxx.xxx.xx,20000000552,财政学,经济学院
学生0553,200000000000000553,220553,220553@xxx.xxx.xx,20000000553,财政学,经济学院
学生0554,200000000000000554,220554,220554@xxx.xxx.xx,20000000554,财政学,经济学院
学生0555,200000000000000555,220555,220555@xxx.xxx.xx,20000000555,财政学,经济学院
学生0556,200000000000000556,220556,220556@xxx.xxx.xx,20000000556,财政学,经济学院
学生0557,200000000000000557,220557,220557@xxx.xxx.xx,20000000557,财政学,经济学院
学生0558,200000000000000558,220558,220558@xxx.xxx.xx,20000000558,财政学,经济学院
学生0559,200000000000000559,220559,220559@xxx.xxx.xx,20000000559,财政学,经济学院
学生0560,200000000000000560,220560,220560@xxx.xxx.xx,20000000560,财政学,经济学院
学生0561,200000000000000561,220561,220561@xxx.xxx.xx,20000000561,财政学,经济学院
学生0562,200000000000000562,220562,220562@xxx.xxx.xx,20000000562,财政学,经济学院
学生0563,200000000000000563,220563,220563@xxx.xxx.xx,20000000563,财政学,经济学院
学生0564,200000000000000564,220564,220564@xxx.xxx.xx,20000000564,财政学,经济学院
学生0565,200000000000000565,220565,220565@xxx.xxx.xx,20000000565,财政学,经济学院
学生0566,200000000000000566,220566,220566@xxx.xxx.xx,20000000566,财政学,经济学院
学生0567,200000000000000567,220567,220567@xxx.xxx.xx,20000000567,财政学,经济学院
学生0568,200000000000000568,220568,220568@xxx.xxx.xx,20000000568,财政学,经济学院
学生0569,200000000000000569,220569,220569@xxx.xxx.xx,20000000569,财政学,经济学院
学生0570,200000000000000570,220570,220570@xxx.xxx.xx,20000000570,财政学,经济学院
学生0571,200000000000000571,220571,220571@xxx.xxx.xx,20000000571,财政学,经济学院
学生0572,200000000000000572,220572,220572@xxx.xxx.xx,20000000572,财政学,经济学院
学生0573,200000000000000573,220573,220573@xxx.xxx.xx,20000000573,财政学,经济学院
学生0574,200000000000000574,220574,220574@xxx.xxx.xx,20000000574,财政学,经济学院
学生0575,200000000000000575,220575,220575@xxx.xxx.xx,20000000575,财政学,经济学院
学生0576,200000000000000576,220576,220576@xxx.xxx.xx,20000000576,金融学,经济学院
学生0577,200000000000000577,220577,220577@xxx.xxx.xx,20000000577,金融学,经济学院
学生0578,200000000000000578,220578,220578@xxx.xxx.xx,20000000578,金融学,经济学院
学生0579,200000000000000579,220579,220579@xxx.xxx.xx,20000000579,金融学,经济学院
学生0580,200000000000000580,220580,220580@xxx.xxx.xx,20000000580,金融学,经济学院
学生0581,200000000000000581,220581,220581@xxx.xxx.xx,20000000581,金融学,经济学院
学生0582,200000000000000582,220582,220582@xxx.xxx.xx,20000000582,金融学,经济学院
学生0583,200000000000000583,220583,220583@xxx.xxx.xx,20000000583,金融学,经济学院
学生0584,200000000000000584,220584,220584@xxx.xxx.xx,20000000584,金融学,经济学院
学生0585,200000000000000585,220585,220585@xxx.xxx.xx,20000000585,金融学,经济学院
学生0586,200000000000000586,220586,220586@xxx.xxx.xx,20000000586,金融学,经济学院
学生0587,200000000000000587,220587,220587@xxx.xxx.xx,20000000587,金融学,经济学院
学生0588,200000000000000588,220588,220588@xxx.xxx.xx,20000000588,金融学,经济学院
学生0589,200000000000000589,220589,220589@xxx.xxx.xx,20000000589,金融学,经济学院
学生0590,200000000000000590,220590,220590@xxx.xxx.xx,20000000590,金融学,经济学院
学生0591,200000000000000591,220591,220591@xxx.xxx.xx,20000000591,金融学,经济学院
学生0592,200000000000000592,220592,220592@xxx.xxx.xx,20000000592,金融学,经济学院
学生0593,200000000000000593,220593,220593@xxx.xxx.xx,20000000593,金融学,经济学院
学生0594,200000000000000594,220594,220594@xxx.xxx.xx,20000000594,金融学,经济学院
学生0595,200000000000000595,220595,220595@xxx.xxx.xx,20000000595,金融学,经济学院
学生0596,200000000000000596,220596,220596@xxx.xxx.xx,20000000596,金融学,经济学院
学生0597,200000000000000597,220597,220597@xxx.xxx.xx,20000000597,金融学,经济学院
学生0598,200000000000000598,220598,220598@xxx.xxx.xx,20000000598,金融学,经济学院
学生0599,200000000000000599,220599,220599@xxx.xxx.xx,20000000599,金融学,经济学院
学生0600,200000000000000600,220600,220600@xxx.xxx.xx,20000000600,金融学,经济学院
学生0601,200000000000000601,220601,220601@xxx.xxx.xx,20000000601,保险学,经济学院
学生0602,200000000000000602,220602,220602@xxx.xxx.xx,20000000602,保险学,经济学院
学生0603,200000000000000603,220603,220603@xxx.xxx.xx,20000000603,保险学,经济学院
学生0604,200000000000000604,220604,220604@xxx.xxx.xx,20000000604,保险学,经济学院
学生0605,200000000000000605,220605,220605@xxx.xxx.xx,20000000605,保险学,经济学院
学生0606,200000000000000606,220606,220606@xxx.xxx.xx,20000000606,保险学,经济学院
学生0607,200000000000000607,220607,220607@xxx.xxx.xx,20000000607,保险学,经济学院
学生0608,200000000000000608,220608,220608@xxx.xxx.xx,20000000608,保险学,经济学院
学生0609,200000000000000609,220609,220609@xxx.xxx.xx,20000000609,保险学,经济学院
学生0610,200000000000000610,220610,220610@xxx.xxx.xx,20000000610,保险学,经济学院
学生0611,200000000000000611,220611,220611@xxx.xxx.xx,20000000611,保险学,经济学院
学生0612,200000000000000612,220612,220612@xxx.xxx.xx,20000000612,保险学,经济学院
学生0613,200000000000000613,220613,220613@xxx.xxx.xx,20000000613,保险学,经济学院
学生0614,200000000000000614,220614,220614@xxx.xxx.xx,20000000614,保险学,经济学院
学生0615,200000000000000615,220615,220615@xxx.xxx.xx,20000000615,保险学,经济学院
学生0616,200000000000000616,220616,220616@xxx.xxx.xx,20000000616,保险学,经济学院
学生0617,200000000000000617,220617,220617@xxx.xxx.xx,20000000617,保险学,经济学院
学生0618,200000000000000618,220618,220618@xxx.xxx.xx,20000000618,保险学,经济学院
学生0619,200000000000000619,220619,220619@xxx.xxx.xx,20000000619,保险学,经济学院
学生0620,200000000000000620,220620,220620@xxx.xxx.xx,20000000620,保险学,经济学院
学生0621,200000000000000621,220621,220621@xxx.xxx.xx,20000000621,保险学,经济学院
学生0622,200000000000000622,220622,220622@xxx.xxx.xx,20000000622,保险学,经济学院
学生0623,200000000000000623,220623,220623@xxx.xxx.xx,20000000623,保险学,经济学院
学生0624,200000000000000624,220624,220624@xxx.xxx.xx,20000000624,保险学,经济学院
学生0625,200000000000000625,220625,220625@xxx.xxx.xx,20000000625,保险学,经济学院
学生0626,200000000000000626,220626,220626@xxx.xxx.xx,20000000626,法学,法学院
学生0627,200000000000000627,220627,220627@xxx.xxx.xx,20000000627,法学,法学院
学生0628,200000000000000628,220628,220628@xxx.xxx.xx,20000000628,法学,法学院
学生0629,200000000000000629,220629,220629@xxx.xxx.xx,20000000629,法学,法学院
学生0630,200000000000000630,220630,220630@xxx.xxx.xx,20000000630,法学,法学院
学生0631,200000000000000631,220631,220631@xxx.xxx.xx,20000000631,法学,法学院
学生0632,200000000000000632,220632,220632@xxx.xxx.xx,20000000632,法学,法学院
学生0633,200000000000000633,220633,220633@xxx.xxx.xx,20000000633,法学,法学院
学生0634,200000000000000634,220634,220634@xxx.xxx.xx,20000000634,法学,法学院
学生0635,200000000000000635,220635,220635@xxx.xxx.xx,20000000635,法学,法学院
学生0636,200000000000000636,220636,220636@xxx.xxx.xx,20000000636,法学,法学院
学生0637,200000000000000637,220637,220637@xxx.xxx.xx,20000000637,法学,法学院
学生0638,200000000000000638,220638,220638@xxx.xxx.xx,20000000638,法学,法学院
学生0639,200000000000000639,220639,220639@xxx.xxx.xx,20000000639,法学,法学院
学生0640,200000000000000640,220640,220640@xxx.xxx.xx,20000000640,法学,法学院
学生0641,200000000000000641,220641,220641@xxx.xxx.xx,20000000641,法学,法学院
学生0642,200000000000000642,220642,220642@xxx.xxx.xx,20000000642,法学,法学院
学生0643,200000000000000643,220643,220643@xxx.xxx.xx,20000000643,法学,法学院
学生0644,200000000000000644,220644,220644@xxx.xxx.xx,20000000644,法学,法学院
学生0645,200000000000000645,220645,220645@xxx.xxx.xx,20000000645,法学,法学院
学生0646,200000000000000646,220646,220646@xxx.xxx.xx,20000000646,法学,法学院
学生0647,200000000000000647,220647,220647@xxx.xxx.xx,20000000647,法学,法学院
学生0648,200000000000000648,220648,220648@xxx.xxx.xx,20000000648,法学,法学院
学生0649,200000000000000649,220649,220649@xxx.xxx.xx,20000000649,法学,法学院
学生0650,200000000000000650,220650,220650@xxx.xxx.xx,20000000650,法学,法学院
学生0651,200000000000000651,220651,220651@xxx.xxx.xx,20000000651,管理科学,管理学院
学生0652,200000000000000652,220652,220652@xxx.xxx.xx,20000000652,管理科学,管理学院
学生0653,200000000000000653,220653,220653@xxx.xxx.xx,20000000653,管理科学,管理学院
学生0654,200000000000000654,220654,220654@xxx.xxx.xx,20000000654,管理科学,管理学院
学生0655,200000000000000655,220655,220655@xxx.xxx.xx,20000000655,管理科学,管理学院
学生0656,200000000000000656,220656,220656@xxx.xxx.xx,20000000656,管理科学,管理学院
学生0657,200000000000000657,220657,220657@xxx.xxx.xx,20000000657,管理科学,管理学院
学生0658,200000000000000658,220658,220658@xxx.xxx.xx,20000000658,管理科学,管理学院
学生0659,200000000000000659,220659,220659@xxx.xxx.xx,20000000659,管理科学,管理学院
学生0660,200000000000000660,220660,220660@xxx.xxx.xx,20000000660,管理科学,管理学院
学生0661,200000000000000661,220661,220661@xxx.xxx.xx,20000000661,管理科学,管理学院
学生0662,200000000000000662,220662,220662@xxx.xxx.xx,20000000662,管理科学,管理学院
学生0663,200000000000000663,220663,220663@xxx.xxx.xx,20000000663,管理科学,管理学院
学生0664,200000000000000664,220664,220664@xxx.xxx.xx,20000000664,管理科学,管理学院
学生0665,200000000000000665,220665,220665@xxx.xxx.xx,20000000665,管理科学,管理学院
学生0666,200000000000000666,220666,220666@xxx.xxx.xx,20000000666,管理科学,管理学院
学生0667,200000000000000667,220667,220667@xxx.xxx.xx,20000000667,管理科学,管理学院
学生0668,200000000000000668,220668,220668@xxx.xxx.xx,20000000668,管理科学,管理学院
学生0669,200000000000000669,220669,220669@xxx.xxx.xx,20000000669,管理科学,管理学院
学生0670,200000000000000670,220670,220670@xxx.xxx.xx,20000000670,管理科学,管理学院
学生0671,200000000000000671,220671,220671@xxx.xxx.xx,20000000671,管理科学,管理学院
学生0672,200000000000000672,220672,220672@xxx.xxx.xx,20000000672,管理科学,管理学院
学生0673,200000000000000673,220673,220673@xxx.xxx.xx,20000000673,管理科学,管理学院
学生0674,200000000000000674,220674,220674@xxx.xxx.xx,20000000674,管理科学,管理学院
学生0675,200000000000000675,220675,220675@xxx.xxx.xx,20000000675,管理科学,管理学院
学生0676,200000000000000676,220676,220676@xxx.xxx.xx,20000000676,电子商务,管理学院
学生0677,200000000000000677,220677,220677@xxx.xxx.xx,20000000677,电子商务,管理学院
学生0678,200000000000000678,220678,220678@xxx.xxx.xx,20000000678,电子商务,管理学院
学生0679,200000000000000679,220679,220679@xxx.xxx.xx,20000000679,电子商务,管理学院
学生0680,200000000000000680,220680,220680@xxx.xxx.xx,20000000680,电子商务,管理学院
学生0681,200000000000000681,220681,220681@xxx.xxx.xx,20000000681,电子商务,管理学院
学生0682,200000000000000682,220682,220682@xxx.xxx.xx,20000000682,电子商务,管理学院
学生0683,200000000000000683,220683,220683@xxx.xxx.xx,20000000683,电子商务,管理学院
学生0684,200000000000000684,220684,220684@xxx.xxx.xx,20000000684,电子商务,管理学院
学生0685,200000000000000685,220685,220685@xxx.xxx.xx,20000000685,电子商务,管理学院
学生0686,200000000000000686,220686,220686@xxx.xxx.xx,20000000686,电子商务,管理学院
学生0687,200000000000000687,220687,220687@xxx.xxx.xx,20000000687,电子商务,管理学院
学生0688,200000000000000688,220688,220688@xxx.xxx.xx,20000000688,电子商务,管理学院
学生0689,200000000000000689,220689,220689@xxx.xxx.xx,20000000689,电子商务,管理学院
学生0690,200000000000000690,220690,220690@xxx.xxx.xx,20000000690,电子商务,管理学院
学生0691,200000000000000691,220691,220691@xxx.xxx.xx,20000000691,电子商务,管理学院
学生0692,200000000000000692,220692,220692@xxx.xxx.xx,20000000692,电子商务,管理学院
学生0693,200000000000000693,220693,220693@xxx.xxx.xx,20000000693,电子商务,管理学院
学生0694,200000000000000694,220694,220694@xxx.xxx.xx,20000000694,电子商务,管理学院
学生0695,200000000000000695,220695,220695@xxx.xxx.xx,20000000695,电子商务,管理学院
学生0696,200000000000000696,220696,220696@xxx.xxx.xx,20000000696,电子商务,管理学院
学生0697,200000000000000697,220697,220697@xxx.xxx.xx,20000000697,电子商务,管理学院
学生0698,200000000000000698,220698,220698@xxx.xxx.xx,20000000698,电子商务,管理学院
学生0699,200000000000000699,220699,220699@xxx.xxx.xx,20000000699,电子商务,管理学院
学生0700,200000000000000700,220700,220700@xxx.xxx.xx,20000000700,电子商务,管理学院
学生0701,200000000000000701,220701,220701@xxx.xxx.xx,20000000701,工商管理,管理学院
学生0702,200000000000000702,220702,220702@xxx.xxx.xx,20000000702,工商管理,管理学院
学生0703,200000000000000703,220703,220703@xxx.xxx.xx,20000000703,工商管理,管理学院
学生0704,200000000000000704,220704,220704@xxx.xxx.xx,20000000704,工商管理,管理学院
学生0705,200000000000000705,220705,220705@xxx.xxx.xx,20000000705,工商管理,管理学院
学生0706,200000000000000706,220706,220706@xxx.xxx.xx,20000000706,工商管理,管理学院
学生0707,200000000000000707,220707,220707@xxx.xxx.xx,20000000707,工商管理,管理学院
学生0708,200000000000000708,220708,220708@xxx.xxx.xx,20000000708,工商管理,管理学院
学生0709,200000000000000709,220709,220709@xxx.xxx.xx,20000000709,工商管理,管理学院
学生0710,200000000000000710,220710,220710@xxx.xxx.xx,20000000710,工商管理,管理学院
学生0711,200000000000000711,220711,220711@xxx.xxx.xx,20000000711,工商管理,管理学院
学生0712,200000000000000712,220712,220712@xxx.xxx.xx,20000000712,工商管理,管理学院
学生0713,200000000000000713,220713,220713@xxx.xxx.xx,20000000713,工商管理,管理学院
学生0714,200000000000000714,220714,220714@xxx.xxx.xx,20000000714,工商管理,管理学院
学生0715,200000000000000715,220715,220715@xxx.xxx.xx,20000000715,工商管理,管理学院
学生0716,200000000000000716,220716,220716@xxx.xxx.xx,20000000716,工商管理,管理学院
学生0717,200000000000000717,220717,220717@xxx.xxx.xx,20000000717,工商管理,管理学院
学生0718,200000000000000718,220718,220718@xxx.xxx.xx,20000000718,工商管理,管理学院
学生0719,200000000000000719,220719,220719@xxx.xxx.xx,20000000719,工商管理,管理学院
学生0720,200000000000000720,220720,220720@xxx.xxx.xx,20000000720,工商管理,管理学院
学生0721,200000000000000721,220721,220721@xxx.xxx.xx,20000000721,工商管理,管理学院
学生0722,200000000000000722,220722,220722@xxx.xxx.xx,20000000722,工商管理,管理学院
学生0723,200000000000000723,220723,220723@xxx.xxx.xx,20000000723,工商管理,管理学院
学生0724,200000000000000724,220724,220724@xxx.xxx.xx,20000000724,工商管理,管理学院
学生0725,200000000000000725,220725,220725@xxx.xxx.xx,20000000725,工商管理,管理学院
学生0726,200000000000000726,220726,220726@xxx.xxx.xx,20000000726,市场营销,管理学院
学生0727,200000000000000727,220727,220727@xxx.xxx.xx,20000000727,市场营销,管理学院
学生0728,200000000000000728,220728,220728@xxx.xxx.xx,20000000728,市场营销,管理学院
学生0729,200000000000000729,220729,220729@xxx.xxx.xx,20000000729,市场营销,管理学院
学生0730,200000000000000730,220730,220730@xxx.xxx.xx,20000000730,市场营销,管理学院
学生0731,200000000000000731,220731,220731@xxx.xxx.xx,20000000731,市场营销,管理学院
学生0732,200000000000000732,220732,220732@xxx.xxx.xx,20000000732,市场营销,管理学院
学生0733,200000000000000733,220733,220733@xxx.xxx.xx,20000000733,市场营销,管理学院
学生0734,200000000000000734,220734,220734@xxx.xxx.xx,20000000734,市场营销,管理学院
学生0735,200000000000000735,220735,220735@xxx.xxx.xx,20000000735,市场营销,管理学院
学生0736,200000000000000736,220736,220736@xxx.xxx.xx,20000000736,市场营销,管理学院
学生0737,200000000000000737,220737,220737@xxx.xxx.xx,20000000737,市场营销,管理学院
学生0738,200000000000000738,220738,220738@xxx.xxx.xx,20000000738,市场营销,管理学院
学生0739,200000000000000739,220739,220739@xxx.xxx.xx,20000000739,市场营销,管理学院
学生0740,200000000000000740,220740,220740@xxx.xxx.xx,20000000740,市场营销,管理学院
学生0741,200000000000000741,220741,220741@xxx.xxx.xx,20000000741,市场营销,管理学院
学生0742,200000000000000742,220742,220742@xxx.xxx.xx,20000000742,市场营销,管理学院
学生0743,200000000000000743,220743,220743@xxx.xxx.xx,20000000743,市场营销,管理学院
学生0744,200000000000000744,220744,220744@xxx.xxx.xx,20000000744,市场营销,管理学院
学生0745,200000000000000745,220745,220745@xxx.xxx.xx,20000000745,市场营销,管理学院
学生0746,200000000000000746,220746,220746@xxx.xxx.xx,20000000746,市场营销,管理学院
学生0747,200000000000000747,220747,220747@xxx.xxx.xx,20000000747,市场营销,管理学院
学生0748,200000000000000748,220748,220748@xxx.xxx.xx,20000000748,市场营销,管理学院
学生0749,200000000000000749,220749,220749@xxx.xxx.xx,20000000749,市场营销,管理学院
学生0750,200000000000000750,220750,220750@xxx.xxx.xx,20000000750,市场营销,管理学院
学生0751,200000000000000751,220751,220751@xxx.xxx.xx,20000000751,财务管理,管理学院
学生0752,200000000000000752,220752,220752@xxx.xxx.xx,20000000752,财务管理,管理学院
学生0753,200000000000000753,220753,220753@xxx.xxx.xx,20000000753,财务管理,管理学院
学生0754,200000000000000754,220754,220754@xxx.xxx.xx,20000000754,财务管理,管理学院
学生0755,200000000000000755,220755,220755@xxx.xxx.xx,20000000755,财务管理,管理学院
学生0756,200000000000000756,220756,220756@xxx.xxx.xx,20000000756,财务管理,管理学院
学生0757,200000000000000757,220757,220757@xxx.xxx.xx,20000000757,财务管理,管理学院
学生0758,200000000000000758,220758,220758@xxx.xxx.xx,20000000758,财务管理,管理学院
学生0759,200000000000000759,220759,220759@xxx.xxx.xx,20000000759,财务管理,管理学院
学生0760,200000000000000760,220760,220760@xxx.xxx.xx,20000000760,财务管理,管理学院
学生0761,200000000000000761,220761,220761@xxx.xxx.xx,20000000761,财务管理,管理学院
学生0762,200000000000000762,220762,220762@xxx.xxx.xx,20000000762,财务管理,管理学院
学生0763,200000000000000763,220763,220763@xxx.xxx.xx,20000000763,财务管理,管理学院
学生0764,200000000000000764,220764,220764@xxx.xxx.xx,20000000764,财务管理,管理学院
学生0765,200000000000000765,220765,220765@xxx.xxx.xx,20000000765,财务管理,管理学院
学生0766,200000000000000766,220766,220766@xxx.xxx.xx,20000000766,财务管理,管理学院
学生0767,200000000000000767,220767,220767@xxx.xxx.xx,20000000767,财务管理,管理学院
学生0768,200000000000000768,220768,220768@xxx.xxx.xx,20000000768,财务管理,管理学院
学生0769,200000000000000769,220769,220769@xxx.xxx.xx,20000000769,财务管理,管理学院
学生0770,200000000000000770,220770,220770@xxx.xxx.xx,20000000770,财务管理,管理学院
学生0771,200000000000000771,220771,220771@xxx.xxx.xx,20000000771,财务管理,管理学院
学生0772,200000000000000772,220772,220772@xxx.xxx.xx,20000000772,财务管理,管理学院
学生0773,200000000000000773,220773,220773@xxx.xxx.xx,20000000773,财务管理,管理学院
学生0774,200000000000000774,220774,220774@xxx.xxx.xx,20000000774,财务管理,管理学院
学生0775,200000000000000775,220775,220775@xxx.xxx.xx,20000000775,财务管理,管理学院
学生0776,200000000000000776,220776,220776@xxx.xxx.xx,20000000776,会计学,管理学院
学生0777,200000000000000777,220777,220777@xxx.xxx.xx,20000000777,会计学,管理学院
学生0778,200000000000000778,220778,220778@xxx.xxx.xx,20000000778,会计学,管理学院
学生0779,200000000000000779,220779,220779@xxx.xxx.xx,20000000779,会计学,管理学院
学生0780,200000000000000780,220780,220780@xxx.xxx.xx,20000000780,会计学,管理学院
学生0781,200000000000000781,220781,220781@xxx.xxx.xx,20000000781,会计学,管理学院
学生0782,200000000000000782,220782,220782@xxx.xxx.xx,20000000782,会计学,管理学院
学生0783,200000000000000783,220783,220783@xxx.xxx.xx,20000000783,会计学,管理学院
学生0784,200000000000000784,220784,220784@xxx.xxx.xx,20000000784,会计学,管理学院
学生0785,200000000000000785,220785,220785@xxx.xxx.xx,20000000785,会计学,管理学院
学生0786,200000000000000786,220786,220786@xxx.xxx.xx,20000000786,会计学,管理学院
学生0787,200000000000000787,220787,220787@xxx.xxx.xx,20000000787,会计学,管理学院
学生0788,200000000000000788,220788,220788@xxx.xxx.xx,20000000788,会计学,管理学院
学生0789,200000000000000789,220789,220789@xxx.xxx.xx,20000000789,会计学,管理学院
学生0790,200000000000000790,220790,220790@xxx.xxx.xx,20000000790,会计学,管理学院
学生0791,200000000000000791,220791,220791@xxx.xxx.xx,20000000791,会计学,管理学院
学生0792,200000000000000792,220792,220792@xxx.xxx.xx,20000000792,会计学,管理学院
学生0793,200000000000000793,220793,220793@xxx.xxx.xx,20000000793,会计学,管理学院
学生0794,200000000000000794,220794,220794@xxx.xxx.xx,20000000794,会计学,管理学院
学生0795,200000000000000795,220795,220795@xxx.xxx.xx,20000000795,会计学,管理学院
学生0796,200000000000000796,220796,220796@xxx.xxx.xx,20000000796,会计学,管理学院
学生0797,200000000000000797,220797,220797@xxx.xxx.xx,20000000797,会计学,管理学院
学生0798,200000000000000798,220798,220798@xxx.xxx.xx,20000000798,会计学,管理学院
学生0799,200000000000000799,220799,220799@xxx.xxx.xx,20000000799,会计学,管理学院
学生0800,200000000000000800,220800,220800@xxx.xxx.xx,20000000800,会计学,管理学院
学生0801,200000000000000801,220801,220801@xxx.xxx.xx,20000000801,统计学,管理学院
学生0802,200000000000000802,220802,220802@xxx.xxx.xx,20000000802,统计学,管理学院
学生0803,200000000000000803,220803,220803@xxx.xxx.xx,20000000803,统计学,管理学院
学生0804,200000000000000804,220804,220804@xxx.xxx.xx,20000000804,统计学,管理学院
学生0805,200000000000000805,220805,220805@xxx.xxx.xx,20000000805,统计学,管理学院
学生0806,200000000000000806,220806,220806@xxx.xxx.xx,20000000806,统计学,管理学院
学生0807,200000000000000807,220807,220807@xxx.xxx.xx,20000000807,统计学,管理学院
学生0808,200000000000000808,220808,220808@xxx.xxx.xx,20000000808,统计学,管理学院
学生0809,200000000000000809,220809,220809@xxx.xxx.xx,20000000809,统计学,管理学院
学生0810,200000000000000810,220810,220810@xxx.xxx.xx,20000000810,统计学,管理学院
学生0811,200000000000000811,220811,220811@xxx.xxx.xx,20000000811,统计学,管理学院
学生0812,200000000000000812,220812,220812@xxx.xxx.xx,20000000812,统计学,管理学院
学生0813,200000000000000813,220813,220813@xxx.xxx.xx,20000000813,统计学,管理学院
学生0814,200000000000000814,220814,220814@xxx.xxx.xx,20000000814,统计学,管理学院
学生0815,200000000000000815,220815,220815@xxx.xxx.xx,20000000815,统计学,管理学院
学生0816,200000000000000816,220816,220816@xxx.xxx.xx,20000000816,统计学,管理学院
学生0817,200000000000000817,220817,220817@xxx.xxx.xx,20000000817,统计学,管理学院
学生0818,200000000000000818,220818,220818@xxx.xxx.xx,20000000818,统计学,管理学院
学生0819,200000000000000819,220819,220819@xxx.xxx.xx,20000000819,统计学,管理学院
学生0820,200000000000000820,220820,220820@xxx.xxx.xx,20000000820,统计学,管理学院
学生0821,200000000000000821,220821,220821@xxx.xxx.xx,20000000821,统计学,管理学院
学生0822,200000000000000822,220822,220822@xxx.xxx.xx,20000000822,统计学,管理学院
学生0823,200000000000000823,220823,220823@xxx.xxx.xx,20000000823,统计学,管理学院
学生0824,200000000000000824,220824,220824@xxx.xxx.xx,20000000824,统计学,管理学院
学生0825,200000000000000825,220825,220825@xxx.xxx.xx,20000000825,统计学,管理学院
学生0826,200000000000000826,220826,220826@xxx.xxx.xx,20000000826,预防医学,公共卫生学院
学生0827,200000000000000827,220827,220827@xxx.xxx.xx,20000000827,预防医学,公共卫生学院
学生0828,200000000000000828,220828,220828@xxx.xxx.xx,20000000828,预防医学,公共卫生学院
学生0829,200000000000000829,220829,220829@xxx.xxx.xx,20000000829,预防医学,公共卫生学院
学生0830,200000000000000830,220830,220830@xxx.xxx.xx,20000000830,预防医学,公共卫生学院
学生0831,200000000000000831,220831,220831@xxx.xxx.xx,20000000831,预防医学,公共卫生学院
学生0832,200000000000000832,220832,220832@xxx.xxx.xx,20000000832,预防医学,公共卫生学院
学生0833,200000000000000833,220833,220833@xxx.xxx.xx,20000000833,预防医学,公共卫生学院
学生0834,200000000000000834,220834,220834@xxx.xxx.xx,20000000834,预防医学,公共卫生学院
学生0835,200000000000000835,220835,220835@xxx.xxx.xx,20000000835,预防医学,公共卫生学院
学生0836,200000000000000836,220836,220836@xxx.xxx.xx,20000000836,预防医学,公共卫生学院
学生0837,200000000000000837,220837,220837@xxx.xxx.xx,20000000837,预防医学,公共卫生学院
学生0838,200000000000000838,220838,220838@xxx.xxx.xx,20000000838,预防医学,公共卫生学院
学生0839,200000000000000839,220839,220839@xxx.xxx.xx,20000000839,预防医学,公共卫生学院
学生0840,200000000000000840,220840,220840@xxx.xxx.xx,20000000840,预防医学,公共卫生学院
学生0841,200000000000000841,220841,220841@xxx.xxx.xx,20000000841,预防医学,公共卫生学院
学生0842,200000000000000842,220842,220842@xxx.xxx.xx,20000000842,预防医学,公共卫生学院
学生0843,200000000000000843,220843,220843@xxx.xxx.xx,20000000843,预防医学,公共卫生学院
学生0844,200000000000000844,220844,220844@xxx.xxx.xx,20000000844,预防医学,公共卫生学院
学生0845,200000000000000845,220845,220845@xxx.xxx.xx,20000000845,预防医学,公共卫生学院
学生0846,200000000000000846,220846,220846@xxx.xxx.xx,20000000846,预防医学,公共卫生学院
学生0847,200000000000000847,220847,220847@xxx.xxx.xx,20000000847,预防医学,公共卫生学院
学生0848,200000000000000848,220848,220848@xxx.xxx.xx,20000000848,预防医学,公共卫生学院
学生0849,200000000000000849,220849,220849@xxx.xxx.xx,20000000849,预防医学,公共卫生学院
学生0850,200000000000000850,220850,220850@xxx.xxx.xx,20000000850,预防医学,公共卫生学院
学生0851,200000000000000851,220851,220851@xxx.xxx.xx,20000000851,公共事业管理,公共卫生学院
学生0852,200000000000000852,220852,220852@xxx.xxx.xx,20000000852,公共事业管理,公共卫生学院
学生0853,200000000000000853,220853,220853@xxx.xxx.xx,20000000853,公共事业管理,公共卫生学院
学生0854,200000000000000854,220854,220854@xxx.xxx.xx,20000000854,公共事业管理,公共卫生学院
学生0855,200000000000000855,220855,220855@xxx.xxx.xx,20000000855,公共事业管理,公共卫生学院
学生0856,200000000000000856,220856,220856@xxx.xxx.xx,20000000856,公共事业管理,公共卫生学院
学生0857,200000000000000857,220857,220857@xxx.xxx.xx,20000000857,公共事业管理,公共卫生学院
学生0858,200000000000000858,220858,220858@xxx.xxx.xx,20000000858,公共事业管理,公共卫生学院
学生0859,200000000000000859,220859,220859@xxx.xxx.xx,20000000859,公共事业管理,公共卫生学院
学生0860,200000000000000860,220860,220860@xxx.xxx.xx,20000000860,公共事业管理,公共卫生学院
学生0861,200000000000000861,220861,220861@xxx.xxx.xx,20000000861,公共事业管理,公共卫生学院
学生0862,200000000000000862,220862,220862@xxx.xxx.xx,20000000862,公共事业管理,公共卫生学院
学生0863,200000000000000863,220863,220863@xxx.xxx.xx,20000000863,公共事业管理,公共卫生学院
学生0864,200000000000000864,220864,220864@xxx.xxx.xx,20000000864,公共事业管理,公共卫生学院
学生0865,200000000000000865,220865,220865@xxx.xxx.xx,20000000865,公共事业管理,公共卫生学院
学生0866,200000000000000866,220866,220866@xxx.xxx.xx,20000000866,公共事业管理,公共卫生学院
学生0867,200000000000000867,220867,220867@xxx.xxx.xx,20000000867,公共事业管理,公共卫生学院
学生0868,200000000000000868,220868,220868@xxx.xxx.xx,20000000868,公共事业管理,公共卫生学院
学生0869,200000000000000869,220869,220869@xxx.xxx.xx,20000000869,公共事业管理,公共卫生学院
学生0870,200000000000000870,220870,220870@xxx.xxx.xx,20000000870,公共事业管理,公共卫生学院
学生0871,200000000000000871,220871,220871@xxx.xxx.xx,20000000871,公共事业管理,公共卫生学院
学生0872,200000000000000872,220872,220872@xxx.xxx.xx,20000000872,公共事业管理,公共卫生学院
学生0873,200000000000000873,220873,220873@xxx.xxx.xx,20000000873,公共事业管理,公共卫生学院
学生0874,200000000000000874,220874,220874@xxx.xxx.xx,20000000874,公共事业管理,公共卫生学院
学生0875,200000000000000875,220875,220875@xxx.xxx.xx,20000000875,公共事业管理,公共卫生学院
学生0876,200000000000000876,220876,220876@xxx.xxx.xx,20000000876,马克思主义理论,马克思主义学院
学生0877,200000000000000877,220877,220877@xxx.xxx.xx,20000000877,马克思主义理论,马克思主义学院
学生0878,200000000000000878,220878,220878@xxx.xxx.xx,20000000878,马克思主义理论,马克思主义学院
学生0879,200000000000000879,220879,220879@xxx.xxx.xx,20000000879,马克思主义理论,马克思主义学院
学生0880,200000000000000880,220880,220880@xxx.xxx.xx,20000000880,马克思主义理论,马克思主义学院
学生0881,200000000000000881,220881,220881@xxx.xxx.xx,20000000881,马克思主义理论,马克思主义学院
学生0882,200000000000000882,220882,220882@xxx.xxx.xx,20000000882,马克思主义理论,马克思主义学院
学生0883,200000000000000883,220883,220883@xxx.xxx.xx,20000000883,马克思主义理论,马克思主义学院
学生0884,200000000000000884,220884,220884@xxx.xxx.xx,20000000884,马克思主义理论,马克思主义学院
学生0885,200000000000000885,220885,220885@xxx.xxx.xx,20000000885,马克思主义理论,马克思主义学院
学生0886,200000000000000886,220886,220886@xxx.xxx.xx,20000000886,马克思主义理论,马克思主义学院
学生0887,200000000000000887,220887,220887@xxx.xxx.xx,20000000887,马克思主义理论,马克思主义学院
学生0888,200000000000000888,220888,220888@xxx.xxx.xx,20000000888,马克思主义理论,马克思主义学院
学生0889,200000000000000889,220889,220889@xxx.xxx.xx,20000000889,马克思主义理论,马克思主义学院
学生0890,200000000000000890,220890,220890@xxx.xxx.xx,20000000890,马克思主义理论,马克思主义学院
学生0891,200000000000000891,220891,220891@xxx.xxx.xx,20000000891,马克思主义理论,马克思主义学院
学生0892,200000000000000892,220892,220892@xxx.xxx.xx,20000000892,马克思主义理论,马克思主义学院
学生0893,200000000000000893,220893,220893@xxx.xxx.xx,20000000893,马克思主义理论,马克思主义学院
学生0894,200000000000000894,220894,220894@xxx.xxx.xx,20000000894,马克思主义理论,马克思主义学院
学生0895,200000000000000895,220895,220895@xxx.xxx.xx,20000000895,马克思主义理论,马克思主义学院
学生0896,200000000000000896,220896,220896@xxx.xxx.xx,20000000896,马克思主义理论,马克思主义学院
学生0897,200000000000000897,220897,220897@xxx.xxx.xx,20000000897,马克思主义理论,马克思主义学院
学生0898,200000000000000898,220898,220898@xxx.xxx.xx,20000000898,马克思主义理论,马克思主义学院
学生0899,200000000000000899,220899,220899@xxx.xxx.xx,20000000899,马克思主义理论,马克思主义学院
学生0900,200000000000000900,220900,220900@xxx.xxx.xx,20000000900,马克思主义理论,马克思主义学院
学生0901,200000000000000901,220901,220901@xxx.xxx.xx,20000000901,数学与应用数学,数学科学学院
学生0902,200000000000000902,220902,220902@xxx.xxx.xx,20000000902,数学与应用数学,数学科学学院
学生0903,200000000000000903,220903,220903@xxx.xxx.xx,20000000903,数学与应用数学,数学科学学院
学生0904,200000000000000904,220904,220904@xxx.xxx.xx,20000000904,数学与应用数学,数学科学学院
学生0905,200000000000000905,220905,220905@xxx.xxx.xx,20000000905,数学与应用数学,数学科学学院
学生0906,200000000000000906,220906,220906@xxx.xxx.xx,20000000906,数学与应用数学,数学科学学院
学生0907,200000000000000907,220907,220907@xxx.xxx.xx,20000000907,数学与应用数学,数学科学学院
学生0908,200000000000000908,220908,220908@xxx.xxx.xx,20000000908,数学与应用数学,数学科学学院
学生0909,200000000000000909,220909,220909@xxx.xxx.xx,20000000909,数学与应用数学,数学科学学院
学生0910,200000000000000910,220910,220910@xxx.xxx.xx,20000000910,数学与应用数学,数学科学学院
学生0911,200000000000000911,220911,220911@xxx.xxx.xx,20000000911,数学与应用数学,数学科学学院
学生0912,200000000000000912,220912,220912@xxx.xxx.xx,20000000912,数学与应用数学,数学科学学院
学生0913,200000000000000913,220913,220913@xxx.xxx.xx,20000000913,数学与应用数学,数学科学学院
学生0914,200000000000000914,220914,220914@xxx.xxx.xx,20000000914,数学与应用数学,数学科学学院
学生0915,200000000000000915,220915,220915@xxx.xxx.xx,20000000915,数学与应用数学,数学科学学院
学生0916,200000000000000916,220916,220916@xxx.xxx.xx,20000000916,数学与应用数学,数学科学学院
学生0917,200000000000000917,220917,220917@xxx.xxx.xx,20000000917,数学与应用数学,数学科学学院
学生0918,200000000000000918,220918,220918@xxx.xxx.xx,20000000918,数学与应用数学,数学科学学院
学生0919,200000000000000919,220919,220919@xxx.xxx.xx,20000000919,数学与应用数学,数学科学学院
学生0920,200000000000000920,220920,220920@xxx.xxx.xx,20000000920,数学与应用数学,数学科学学院
学生0921,200000000000000921,220921,220921@xxx.xxx.xx,20000000921,数学与应用数学,数学科学学院
学生0922,200000000000000922,220922,220922@xxx.xxx.xx,20000000922,数学与应用数学,数学科学学院
学生0923,200000000000000923,220923,220923@xxx.xxx.xx,20000000923,数学与应用数学,数学科学学院
学生0924,200000000000000924,220924,220924@xxx.xxx.xx,20000000924,数学与应用数学,数学科学学院
学生0925,200000000000000925,220925,220925@xxx.xxx.xx,20000000925,数学与应用数学,数学科学学院
学生0926,200000000000000926,220926,220926@xxx.xxx.xx,20000000926,信息与计算数学,数学科学学院
学生0927,200000000000000927,220927,220927@xxx.xxx.xx,20000000927,信息与计算数学,数学科学学院
学生0928,200000000000000928,220928,220928@xxx.xxx.xx,20000000928,信息与计算数学,数学科学学院
学生0929,200000000000000929,220929,220929@xxx.xxx.xx,20000000929,信息与计算数学,数学科学学院
学生0930,200000000000000930,220930,220930@xxx.xxx.xx,20000000930,信息与计算数学,数学科学学院
学生0931,200000000000000931,220931,220931@xxx.xxx.xx,20000000931,信息与计算数学,数学科学学院
学生0932,200000000000000932,220932,220932@xxx.xxx.xx,20000000932,信息与计算数学,数学科学学院
学生0933,200000000000000933,220933,220933@xxx.xxx.xx,20000000933,信息与计算数学,数学科学学院
学生0934,200000000000000934,220934,220934@xxx.xxx.xx,20000000934,信息与计算数学,数学科学学院
学生0935,200000000000000935,220935,220935@xxx.xxx.xx,20000000935,信息与计算数学,数学科学学院
学生0936,200000000000000936,220936,220936@xxx.xxx.xx,20000000936,信息与计算数学,数学科学学院
学生0937,200000000000000937,220937,220937@xxx.xxx.xx,20000000937,信息与计算数学,数学科学学院
学生0938,200000000000000938,220938,220938@xxx.xxx.xx,20000000938,信息与计算数学,数学科学学院
学生0939,200000000000000939,220939,220939@xxx.xxx.xx,20000000939,信息与计算数学,数学科学学院
学生0940,200000000000000940,220940,220940@xxx.xxx.xx,20000000940,信息与计算数学,数学科学学院
学生0941,200000000000000941,220941,220941@xxx.xxx.xx,20000000941,信息与计算数学,数学科学学院
学生0942,200000000000000942,220942,220942@xxx.xxx.xx,20000000942,信息与计算数学,数学科学学院
学生0943,200000000000000943,220943,220943@xxx.xxx.xx,20000000943,信息与计算数学,数学科学学院
学生0944,200000000000000944,220944,220944@xxx.xxx.xx,20000000944,信息与计算数学,数学科学学院
学生0945,200000000000000945,220945,220945@xxx.xxx.xx,20000000945,信息与计算数学,数学科学学院
学生0946,200000000000000946,220946,220946@xxx.xxx.xx,20000000946,信息与计算数学,数学科学学院
学生0947,200000000000000947,220947,220947@xxx.xxx.xx,20000000947,信息与计算数学,数学科学学院
学生0948,200000000000000948,220948,220948@xxx.xxx.xx,20000000948,信息与计算数学,数学科学学院
学生0949,200000000000000949,220949,220949@xxx.xxx.xx,20000000949,信息与计算数学,数学科学学院
学生0950,200000000000000950,220950,220950@xxx.xxx.xx,20000000950,信息与计算数学,数学科学学院
学生0951,200000000000000951,220951,220951@xxx.xxx.xx,20000000951,生物科学,生命科学学院
学生0952,200000000000000952,220952,220952@xxx.xxx.xx,20000000952,生物科学,生命科学学院
学生0953,200000000000000953,220953,220953@xxx.xxx.xx,20000000953,生物科学,生命科学学院
学生0954,200000000000000954,220954,220954@xxx.xxx.xx,20000000954,生物科学,生命科学学院
学生0955,200000000000000955,220955,220955@xxx.xxx.xx,20000000955,生物科学,生命科学学院
学生0956,200000000000000956,220956,220956@xxx.xxx.xx,20000000956,生物科学,生命科学学院
学生0957,200000000000000957,220957,220957@xxx.xxx.xx,20000000957,生物科学,生命科学学院
学生0958,200000000000000958,220958,220958@xxx.xxx.xx,20000000958,生物科学,生命科学学院
学生0959,200000000000000959,220959,220959@xxx.xxx.xx,20000000959,生物科学,生命科学学院
学生0960,200000000000000960,220960,220960@xxx.xxx.xx,20000000960,生物科学,生命科学学院
学生0961,200000000000000961,220961,220961@xxx.xxx.xx,20000000961,生物科学,生命科学学院
学生0962,200000000000000962,220962,220962@xxx.xxx.xx,20000000962,生物科学,生命科学学院
学生0963,200000000000000963,220963,220963@xxx.xxx.xx,20000000963,生物科学,生命科学学院
学生0964,200000000000000964,220964,220964@xxx.xxx.xx,20000000964,生物科学,生命科学学院
学生0965,200000000000000965,220965,220965@xxx.xxx.xx,20000000965,生物科学,生命科学学院
学生0966,200000000000000966,220966,220966@xxx.xxx.xx,20000000966,生物科学,生命科学学院
学生0967,200000000000000967,220967,220967@xxx.xxx.xx,20000000967,生物科学,生命科学学院
学生0968,200000000000000968,220968,220968@xxx.xxx.xx,20000000968,生物科学,生命科学学院
学生0969,200000000000000969,220969,220969@xxx.xxx.xx,20000000969,生物科学,生命科学学院
学生0970,200000000000000970,220970,220970@xxx.xxx.xx,20000000970,生物科学,生命科学学院
学生0971,200000000000000971,220971,220971@xxx.xxx.xx,20000000971,生物科学,生命科学学院
学生0972,200000000000000972,220972,220972@xxx.xxx.xx,20000000972,生物科学,生命科学学院
学生0973,200000000000000973,220973,220973@xxx.xxx.xx,20000000973,生物科学,生命科学学院
学生0974,200000000000000974,220974,220974@xxx.xxx.xx,20000000974,生物科学,生命科学学院
学生0975,200000000000000975,220975,220975@xxx.xxx.xx,20000000975,生物科学,生命科学学院
学生0976,200000000000000976,220976,220976@xxx.xxx.xx,20000000976,生物技术,生命科学学院
学生0977,200000000000000977,220977,220977@xxx.xxx.xx,20000000977,生物技术,生命科学学院
学生0978,200000000000000978,220978,220978@xxx.xxx.xx,20000000978,生物技术,生命科学学院
学生0979,200000000000000979,220979,220979@xxx.xxx.xx,20000000979,生物技术,生命科学学院
学生0980,200000000000000980,220980,220980@xxx.xxx.xx,20000000980,生物技术,生命科学学院
学生0981,200000000000000981,220981,220981@xxx.xxx.xx,20000000981,生物技术,生命科学学院
学生0982,200000000000000982,220982,220982@xxx.xxx.xx,20000000982,生物技术,生命科学学院
学生0983,200000000000000983,220983,220983@xxx.xxx.xx,20000000983,生物技术,生命科学学院
学生0984,200000000000000984,220984,220984@xxx.xxx.xx,20000000984,生物技术,生命科学学院
学生0985,200000000000000985,220985,220985@xxx.xxx.xx,20000000985,生物技术,生命科学学院
学生0986,200000000000000986,220986,220986@xxx.xxx.xx,20000000986,生物技术,生命科学学院
学生0987,200000000000000987,220987,220987@xxx.xxx.xx,20000000987,生物技术,生命科学学院
学生0988,200000000000000988,220988,220988@xxx.xxx.xx,20000000988,生物技术,生命科学学院
学生0989,200000000000000989,220989,220989@xxx.xxx.xx,20000000989,生物技术,生命科学学院
学生0990,200000000000000990,220990,220990@xxx.xxx.xx,20000000990,生物技术,生命科学学院
学生0991,200000000000000991,220991,220991@xxx.xxx.xx,20000000991,生物技术,生命科学学院
学生0992,200000000000000992,220992,220992@xxx.xxx.xx,20000000992,生物技术,生命科学学院
学生0993,200000000000000993,220993,220993@xxx.xxx.xx,20000000993,生物技术,生命科学学院
学生0994,200000000000000994,220994,220994@xxx.xxx.xx,20000000994,生物技术,生命科学学院
学生0995,200000000000000995,220995,220995@xxx.xxx.xx,20000000995,生物技术,生命科学学院
学生0996,200000000000000996,220996,220996@xxx.xxx.xx,20000000996,生物技术,生命科学学院
学生0997,200000000000000997,220997,220997@xxx.xxx.xx,20000000997,生物技术,生命科学学院
学生0998,200000000000000998,220998,220998@xxx.xxx.xx,20000000998,生物技术,生命科学学院
学生0999,200000000000000999,220999,220999@xxx.xxx.xx,20000000999,生物技术,生命科学学院
学生1000,200000000000001000,221000,221000@xxx.xxx.xx,20000001000,生物技术,生命科学学院
学生1001,200000000000001001,221001,221001@xxx.xxx.xx,20000001001,生态学,生命科学学院
学生1002,200000000000001002,221002,221002@xxx.xxx.xx,20000001002,生态学,生命科学学院
学生1003,200000000000001003,221003,221003@xxx.xxx.xx,20000001003,生态学,生命科学学院
学生1004,200000000000001004,221004,221004@xxx.xxx.xx,20000001004,生态学,生命科学学院
学生1005,200000000000001005,221005,221005@xxx.xxx.xx,20000001005,生态学,生命科学学院
学生1006,200000000000001006,221006,221006@xxx.xxx.xx,20000001006,生态学,生命科学学院
学生1007,200000000000001007,221007,221007@xxx.xxx.xx,20000001007,生态学,生命科学学院
学生1008,200000000000001008,221008,221008@xxx.xxx.xx,20000001008,生态学,生命科学学院
学生1009,200000000000001009,221009,221009@xxx.xxx.xx,20000001009,生态学,生命科学学院
学生1010,200000000000001010,221010,221010@xxx.xxx.xx,20000001010,生态学,生命科学学院
学生1011,200000000000001011,221011,221011@xxx.xxx.xx,20000001011,生态学,生命科学学院
学生1012,200000000000001012,221012,221012@xxx.xxx.xx,20000001012,生态学,生命科学学院
学生1013,200000000000001013,221013,221013@xxx.xxx.xx,20000001013,生态学,生命科学学院
学生1014,200000000000001014,221014,221014@xxx.xxx.xx,20000001014,生态学,生命科学学院
学生1015,200000000000001015,221015,221015@xxx.xxx.xx,20000001015,生态学,生命科学学院
学生1016,200000000000001016,221016,221016@xxx.xxx.xx,20000001016,生态学,生命科学学院
学生1017,200000000000001017,221017,221017@xxx.xxx.xx,20000001017,生态学,生命科学学院
学生1018,200000000000001018,221018,221018@xxx.xxx.xx,20000001018,生态学,生命科学学院
学生1019,200000000000001019,221019,221019@xxx.xxx.xx,20000001019,生态学,生命科学学院
学生1020,200000000000001020,221020,221020@xxx.xxx.xx,20000001020,生态学,生命科学学院
学生1021,200000000000001021,221021,221021@xxx.xxx.xx,20000001021,生态学,生命科学学院
学生1022,200000000000001022,221022,221022@xxx.xxx.xx,20000001022,生态学,生命科学学院
学生1023,200000000000001023,221023,221023@xxx.xxx.xx,20000001023,生态学,生命科学学院
学生1024,200000000000001024,221024,221024@xxx.xxx.xx,20000001024,生态学,生命科学学院
学生1025,200000000000001025,221025,221025@xxx.xxx.xx,20000001025,生态学,生命科学学院
,,,,,,
,,,,,,
,,,,,,
